{
"type": "FeatureCollection",
"name": "naturalearth_lowres",
"crs": { "type": "name", "properties": { "name": "urn:ogc:def:crs:OGC:1.3:CRS84" } },
"features": [
{ "type": "Feature", "properties": { "pop_est": 920938, "continent": "Oceania", "name": "Fiji", "iso_a3": "FJI", "gdp_md_est": 8374.0 }, "geometry": { "type": "MultiPolygon", "coordinates": [ [ [ [ 180.0, -16.067132663642447 ], [ 180.0, -16.555216566639196 ], [ 178.725059362997115, -17.012041674368039 ], [ 178.596838595117134, -16.63915 ], [ 180.0, -16.067132663642447 ] ] ], [ [ [ 177.67087, -17.38114 ], [ 178.71806, -17.62846 ], [ 178.55271, -18.15059 ], [ 177.38146, -18.16432 ], [ 177.67087, -17.38114 ] ] ], [ [ [ -180.0, -16.067132663642447 ], [ -179.917369384765294, -16.501783135649397 ], [ -180.0, -16.555216566639196 ], [ -180.0, -16.067132663642447 ] ] ] ] } },
{ "type": "Feature", "properties": { "pop_est": 53950935, "continent": "Africa", "name": "Tanzania", "iso_a3": "TZA", "gdp_md_est": 150600.0 }, "geometry": { "type": "Polygon", "coordinates": [ [ [ 33.903711197104528, -0.95 ], [ 37.69869, -3.09699 ], [ 37.7669, -3.67712 ], [ 39.20222, -4.67677 ], [ 38.74054, -5.90895 ], [ 39.44, -6.839999999999861 ], [ 39.18652, -8.48551 ], [ 40.31659, -10.317099999999868 ], [ 39.521, -10.89688 ], [ 36.514081658684262, -11.720938002166735 ], [ 34.559989047999352, -11.520020033415925 ], [ 33.73972, -9.41715 ], [ 30.740009731422095, -8.340005930353721 ], [ 29.620032179490014, -6.520015150583426 ], [ 29.339997592900346, -4.499983412294092 ], [ 30.75224, -3.35931 ], [ 30.419104852019245, -1.134659112150416 ], [ 33.903711197104528, -0.95 ] ] ] } },
{ "type": "Feature", "properties": { "pop_est": 603253, "continent": "Africa", "name": "W. Sahara", "iso_a3": "ESH", "gdp_md_est": 906.5 }, "geometry": { "type": "Polygon", "coordinates": [ [ [ -8.665589565454809, 27.656425889592356 ], [ -8.6872936670174, 25.881056219988906 ], [ -11.969418911171161, 25.933352769468268 ], [ -11.937224493853321, 23.374594224536168 ], [ -12.874221564169575, 23.284832261645178 ], [ -12.929101935263532, 21.327070624267563 ], [ -17.063423224342571, 20.999752102130827 ], [ -17.020428432675772, 21.422310288981578 ], [ -14.750954555713534, 21.500600083903663 ], [ -13.891110398809047, 23.691009019459305 ], [ -12.50096269372537, 24.7701162785782 ], [ -12.030758836301629, 26.030866197203068 ], [ -11.392554897497007, 26.883423977154393 ], [ -8.794883999049077, 27.120696316022507 ], [ -8.665589565454809, 27.656425889592356 ] ] ] } },
{ "type": "Feature", "properties": { "pop_est": 35623680, "continent": "North America", "name": "Canada", "iso_a3": "CAN", "gdp_md_est": 1674000.0 }, "geometry": { "type": "MultiPolygon", "coordinates": [ [ [ [ -122.84, 49.000000000000114 ], [ -125.62461, 50.41656 ], [ -127.43561, 50.83061 ], [ -127.85032, 52.32961 ], [ -129.12979, 52.75538 ], [ -129.30523, 53.56159 ], [ -130.51497, 54.28757 ], [ -130.00778, 55.91583 ], [ -131.70781, 56.55212 ], [ -135.47583, 59.78778 ], [ -137.4525, 58.905 ], [ -139.039, 60.0 ], [ -140.99778, 60.30639 ], [ -140.986, 69.712 ], [ -136.50358, 68.89804 ], [ -129.79471, 70.19369 ], [ -129.10773, 69.77927 ], [ -128.13817, 70.48384 ], [ -125.75632, 69.48058 ], [ -124.42483, 70.1584 ], [ -124.28968, 69.39969 ], [ -121.47226, 69.79778 ], [ -115.2469, 68.90591 ], [ -113.89794, 68.3989 ], [ -115.30489, 67.90261 ], [ -113.49727, 67.68815 ], [ -109.94619, 67.98104 ], [ -108.8802, 67.38144 ], [ -107.79239, 67.88736 ], [ -108.81299, 68.31164 ], [ -108.16721, 68.65392 ], [ -106.15, 68.8 ], [ -101.45433, 67.64689 ], [ -98.4432, 67.78165 ], [ -98.5586, 68.40394 ], [ -97.66948, 68.57864 ], [ -96.11991, 68.23939 ], [ -96.12588, 67.29338 ], [ -95.48943, 68.0907 ], [ -94.685, 68.06383 ], [ -94.23282, 69.06903 ], [ -96.47131, 70.08976 ], [ -96.39115, 71.19482 ], [ -95.2088, 71.92053 ], [ -92.87818, 71.31869 ], [ -91.51964, 70.19129 ], [ -92.40692, 69.69997 ], [ -90.5471, 69.49766 ], [ -90.55151, 68.47499 ], [ -89.21515, 69.25873 ], [ -88.01966, 68.61508 ], [ -88.31749, 67.87338 ], [ -87.35017, 67.19872 ], [ -85.57664, 68.78456 ], [ -85.52197, 69.88211 ], [ -82.62258, 69.65826 ], [ -81.28043, 69.16202 ], [ -81.96436, 68.13253 ], [ -81.25928, 67.59716 ], [ -81.38653, 67.11078 ], [ -83.34456, 66.41154 ], [ -85.76943, 66.55833 ], [ -87.32324, 64.77563 ], [ -90.70398, 63.61017 ], [ -90.77004, 62.96021 ], [ -91.93342, 62.83508 ], [ -94.24153, 60.89865 ], [ -94.6846, 58.94882 ], [ -93.21502, 58.78212 ], [ -92.29703, 57.08709 ], [ -90.89769, 57.28468 ], [ -85.01181, 55.3026 ], [ -82.27285, 55.14832 ], [ -82.12502, 53.27703 ], [ -79.91289, 51.20842 ], [ -78.60191, 52.56208 ], [ -79.82958, 54.66772 ], [ -78.22874, 55.13645 ], [ -76.54137, 56.53423 ], [ -77.30226, 58.05209 ], [ -78.51688, 58.80458 ], [ -77.33676, 59.85261 ], [ -78.10687, 62.31964 ], [ -73.83988, 62.4438 ], [ -71.37369, 61.13717 ], [ -69.59042, 61.06141 ], [ -69.2879, 58.95736 ], [ -67.64976, 58.21206 ], [ -66.20178, 58.76731 ], [ -64.58352, 60.33558 ], [ -61.39655, 56.96745 ], [ -61.79866, 56.33945 ], [ -57.3332, 54.6265 ], [ -56.93689, 53.78032 ], [ -55.75632, 53.27036 ], [ -55.68338, 52.14664 ], [ -60.03309, 50.24277 ], [ -66.39905, 50.22897 ], [ -71.10458, 46.82171 ], [ -68.65, 48.3 ], [ -65.05626, 49.23278 ], [ -64.17099, 48.74248 ], [ -65.11545, 48.07085 ], [ -64.47219, 46.23849 ], [ -63.17329, 45.73902 ], [ -61.52072, 45.88377 ], [ -60.51815, 47.00793 ], [ -59.80287, 45.9204 ], [ -65.36406, 43.54523 ], [ -66.1234, 43.61867 ], [ -66.16173, 44.46512 ], [ -64.42549, 45.29204 ], [ -67.13741, 45.13753 ], [ -67.79134, 45.70281 ], [ -67.79046, 47.06636 ], [ -69.237216, 47.447781 ], [ -71.50506, 45.0082 ], [ -74.867, 45.00048 ], [ -76.820034145805579, 43.628784288093755 ], [ -78.720279914042351, 43.625089423184932 ], [ -79.171673550111862, 43.466339423184259 ], [ -78.939362148743754, 42.863611355147981 ], [ -82.439277716791594, 41.675105088867326 ], [ -83.14199968131264, 41.975681057292874 ], [ -82.137642381503952, 43.571087551439973 ], [ -82.550924648758212, 45.347516587905432 ], [ -88.378114183286712, 48.302917588893706 ], [ -91.64, 48.14 ], [ -94.32914, 48.67074 ], [ -94.81758, 49.38905 ], [ -95.159069509172056, 49.0 ], [ -122.84, 49.000000000000114 ] ] ], [ [ [ -83.99367, 62.4528 ], [ -83.25048, 62.91409 ], [ -81.87699, 62.90458 ], [ -83.06857, 62.15922 ], [ -83.99367, 62.4528 ] ] ], [ [ [ -79.775833129882812, 72.802902221679702 ], [ -80.833885192871108, 73.693183898925781 ], [ -78.064437866210938, 73.651931762695312 ], [ -76.25140380859375, 72.826385498046875 ], [ -79.775833129882812, 72.802902221679702 ] ] ], [ [ [ -80.315395, 62.085565 ], [ -79.92939, 62.3856 ], [ -79.26582, 62.158675 ], [ -79.65752, 61.63308 ], [ -80.315395, 62.085565 ] ] ], [ [ [ -93.612755906940464, 74.97999726022438 ], [ -94.156908738973911, 74.592346503386878 ], [ -96.820932176484547, 74.927623196096576 ], [ -94.85081987178917, 75.647217515760886 ], [ -93.612755906940464, 74.97999726022438 ] ] ], [ [ [ -93.840003017943985, 77.519997260234547 ], [ -96.169654100310069, 77.555111395976851 ], [ -96.436304490936138, 77.83462921824362 ], [ -94.422577277386409, 77.820004787905006 ], [ -93.840003017943985, 77.519997260234547 ] ] ], [ [ [ -98.631984422585532, 78.871930243638374 ], [ -95.559277920294605, 78.418314520980331 ], [ -97.309842902397989, 77.850597235821809 ], [ -98.631984422585532, 78.871930243638374 ] ] ], [ [ [ -88.150350307960281, 74.392307033985034 ], [ -92.422440965529461, 74.837757880340988 ], [ -92.889905972041745, 75.882655341282671 ], [ -93.893824022175991, 76.319243679500559 ], [ -97.121378953829506, 76.751077785947601 ], [ -96.74512285031237, 77.161388658345075 ], [ -91.6050231595366, 76.778517971494594 ], [ -90.741845872749295, 76.449597479956807 ], [ -90.969661424508018, 76.074013170059473 ], [ -89.187082892599847, 75.610165513807615 ], [ -81.12853084992436, 75.713983466281988 ], [ -79.833932868148366, 74.923127346487163 ], [ -88.150350307960281, 74.392307033985034 ] ] ], [ [ [ -113.534278937619121, 77.732206529441115 ], [ -109.854451870547109, 77.996324774884883 ], [ -112.051191169058498, 77.4092288276169 ], [ -113.534278937619121, 77.732206529441115 ] ] ], [ [ [ -111.500010342233395, 78.849993598130496 ], [ -109.6631457182026, 78.601972561345647 ], [ -112.542091437615156, 78.407901719873493 ], [ -111.500010342233395, 78.849993598130496 ] ] ], [ [ [ -55.600218268442056, 51.317074693397942 ], [ -56.795881720595276, 49.812308661490889 ], [ -56.143105027884332, 50.150117499382858 ], [ -55.471492275602998, 49.935815334668462 ], [ -55.822401089080962, 49.58712860777905 ], [ -53.476549445191367, 49.249138902374042 ], [ -53.786013759971254, 48.516780503933624 ], [ -53.086133999226263, 48.687803656603577 ], [ -52.648098720904208, 47.535548407575519 ], [ -53.069158291218386, 46.655498765644921 ], [ -54.178935512902513, 46.807065741556983 ], [ -54.240482143762137, 47.752279364607645 ], [ -55.400773078011568, 46.884993801453135 ], [ -55.997480841685828, 46.919720363953275 ], [ -55.291219041552793, 47.389562486350989 ], [ -56.250798712780586, 47.632545070987376 ], [ -59.266015184146823, 47.603347886742469 ], [ -58.796586473207441, 48.251525376979423 ], [ -59.23162451845657, 48.523188381537807 ], [ -57.35868974468606, 50.718274034215867 ], [ -55.870976935435323, 51.632094224649208 ], [ -55.600218268442056, 51.317074693397942 ] ] ], [ [ [ -85.883847825854858, 65.738778388117098 ], [ -81.642013719392594, 64.45513580998697 ], [ -81.553440314444316, 63.979609280037138 ], [ -80.103451300766636, 63.725981350348619 ], [ -80.991019863595724, 63.41124603947496 ], [ -83.108797573565113, 64.101875718839707 ], [ -85.523404710619047, 63.052379055424055 ], [ -85.866768764982396, 63.637252916103492 ], [ -87.221983201836778, 63.54123810490519 ], [ -86.35275977247133, 64.035833238370699 ], [ -85.883847825854858, 65.738778388117098 ] ] ], [ [ [ -80.748941616524434, 72.061906643350724 ], [ -77.824623989559598, 72.749616604290978 ], [ -74.228616095665004, 71.767144273557889 ], [ -74.099140794557712, 71.330840155717581 ], [ -72.242225714797684, 71.556924546994523 ], [ -68.786054246684898, 70.52502370877427 ], [ -66.969033372654195, 69.186087348091817 ], [ -68.805122850200604, 68.720198472764437 ], [ -61.851981370680605, 66.862120673277829 ], [ -63.918444383384184, 64.998668524832894 ], [ -66.721219041598516, 66.388041083432185 ], [ -68.015016038674005, 66.262725735124391 ], [ -68.141287400979195, 65.689789130304391 ], [ -65.320167609301251, 64.382737128346051 ], [ -64.669406297449683, 63.392926744227495 ], [ -65.01380388045888, 62.674185085695981 ], [ -68.783186204692697, 63.745670071051833 ], [ -66.165568203380147, 61.930897121825822 ], [ -68.877366502544646, 62.330149237712824 ], [ -74.834418911422631, 64.679075629323805 ], [ -77.709979824520076, 64.229542344816778 ], [ -78.555948859354203, 64.572906399180127 ], [ -77.897281053361979, 65.309192206474748 ], [ -73.959795294882682, 65.454764716240945 ], [ -73.94491248238262, 66.310578111426665 ], [ -72.651167161739423, 67.284575507263909 ], [ -73.311617804645721, 68.069437160912869 ], [ -76.869100918266724, 68.894735622830254 ], [ -76.228649054657382, 69.147769273547411 ], [ -78.957242194316734, 70.16688019477543 ], [ -81.30547095409176, 69.74318512641436 ], [ -88.681713223001481, 70.410741278760796 ], [ -89.513419562523026, 70.762037665480946 ], [ -88.467721116880824, 71.218185533321318 ], [ -89.88815121128755, 71.222552191849971 ], [ -90.205160285182046, 72.235074367960792 ], [ -88.408241543312869, 73.537888902471209 ], [ -85.826151089200977, 73.803815823045184 ], [ -86.562178514334121, 73.157447007938444 ], [ -85.774371304044536, 72.534125881633869 ], [ -84.850112474288224, 73.340278225387081 ], [ -82.315590176101011, 73.750950832810602 ], [ -80.600087653307682, 72.716543687624167 ], [ -80.748941616524434, 72.061906643350724 ] ] ], [ [ [ -94.503657599652371, 74.134906724739224 ], [ -92.420012173211731, 74.100025132942207 ], [ -90.509792853542635, 73.856732489712059 ], [ -94.269046597047264, 72.024596259235992 ], [ -95.409855516322665, 72.061880805134578 ], [ -96.018267991911017, 73.437429918095816 ], [ -94.503657599652371, 74.134906724739224 ] ] ], [ [ [ -122.854924486159021, 76.116542873835684 ], [ -119.103938971821094, 77.512219957174622 ], [ -116.198586595507379, 77.645286770326194 ], [ -116.335813361458449, 76.876961575010611 ], [ -117.106050584768823, 76.530031846819114 ], [ -122.854924486159021, 76.116542873835684 ] ] ], [ [ [ -133.180004041711697, 54.169975490935315 ], [ -131.749989584003345, 54.120004380909222 ], [ -132.049480347350993, 52.984621487024469 ], [ -131.179042521826602, 52.180432847698285 ], [ -133.054611178755522, 53.411468817755406 ], [ -133.180004041711697, 54.169975490935315 ] ] ], [ [ [ -105.492289191493199, 79.301593939929163 ], [ -100.8251580472688, 78.800461737778718 ], [ -99.670939093813644, 77.907544664207435 ], [ -105.176132778731514, 78.380332343245797 ], [ -104.210429450277132, 78.677420152491763 ], [ -105.492289191493199, 79.301593939929163 ] ] ], [ [ [ -123.510001587551187, 48.510010891303409 ], [ -125.655012777338385, 48.825004584338501 ], [ -128.059336304366212, 49.994959011426602 ], [ -128.358413656255465, 50.770648098343713 ], [ -125.755006673823203, 50.295018215529353 ], [ -123.510001587551187, 48.510010891303409 ] ] ], [ [ [ -124.91775, 74.292750000000126 ], [ -117.55564, 74.18577 ], [ -115.51081, 73.47519 ], [ -119.22, 72.52 ], [ -120.46, 71.383601793087564 ], [ -123.09219, 70.90164 ], [ -125.928948737473377, 71.868688463011381 ], [ -123.94, 73.680000000000121 ], [ -124.91775, 74.292750000000126 ] ] ], [ [ [ -107.81943, 75.84552 ], [ -105.881, 75.9694 ], [ -105.70498, 75.47951 ], [ -106.31347, 75.00527 ], [ -112.22307, 74.41696 ], [ -113.87135, 74.72029 ], [ -111.79421, 75.1625 ], [ -117.7104, 75.2222 ], [ -115.40487, 76.47887 ], [ -109.0671, 75.47321 ], [ -110.49726, 76.42982 ], [ -109.5811, 76.79417 ], [ -108.54859, 76.67832 ], [ -107.81943, 75.84552 ] ] ], [ [ [ -108.39639, 73.08953 ], [ -105.40246, 72.67259 ], [ -104.464759999999899, 70.99297 ], [ -100.98078, 70.02432 ], [ -101.08929, 69.584470000000124 ], [ -102.73116, 69.50402 ], [ -102.09329, 69.119620000000111 ], [ -102.43024, 68.75282 ], [ -105.96, 69.180000000000121 ], [ -113.3132, 68.53554 ], [ -117.34, 69.96 ], [ -112.4161, 70.36638 ], [ -117.9048, 70.540560000000141 ], [ -118.43238, 70.9092 ], [ -116.11311, 71.30918 ], [ -119.40199, 71.55859 ], [ -117.86642, 72.70594 ], [ -115.18909, 73.314590000000123 ], [ -114.16717, 73.12145 ], [ -114.66634, 72.65277 ], [ -112.44102, 72.955400000000111 ], [ -111.05039, 72.4504 ], [ -109.92035, 72.96113 ], [ -108.18835, 71.65089 ], [ -107.68599, 72.06548 ], [ -108.39639, 73.08953 ] ] ], [ [ [ -100.43836, 72.70588 ], [ -101.54, 73.36 ], [ -100.35642, 73.84389 ], [ -97.38, 73.76 ], [ -97.12, 73.47 ], [ -98.05359, 72.99052 ], [ -96.54, 72.56 ], [ -96.72, 71.66 ], [ -98.35966, 71.27285 ], [ -102.5, 72.51 ], [ -100.43836, 72.70588 ] ] ], [ [ [ -106.94, 73.46 ], [ -105.26, 73.64 ], [ -104.5, 73.42 ], [ -105.38, 72.76 ], [ -106.94, 73.46 ] ] ], [ [ [ -98.5, 76.72 ], [ -97.735585, 76.25656 ], [ -98.16, 75.0 ], [ -102.50209, 75.5638 ], [ -102.56552, 76.3366 ], [ -98.5, 76.72 ] ] ], [ [ [ -96.70972, 80.15777 ], [ -94.29843, 80.97727 ], [ -94.73542, 81.20646 ], [ -92.40984, 81.25739 ], [ -87.81, 80.32 ], [ -85.81435, 79.3369 ], [ -89.03535, 78.28723 ], [ -92.87669, 78.34333 ], [ -93.95116, 78.75099 ], [ -93.14524, 79.3801 ], [ -94.974, 79.37248 ], [ -96.70972, 80.15777 ] ] ], [ [ [ -91.58702, 81.89429 ], [ -85.5, 82.652273458057024 ], [ -83.18, 82.32 ], [ -82.42, 82.86 ], [ -79.30664, 83.13056 ], [ -61.85, 82.6286 ], [ -67.65755, 81.50141 ], [ -65.48031, 81.50657 ], [ -71.18, 79.8 ], [ -76.90773, 79.32309 ], [ -75.52924, 79.19766 ], [ -76.22046, 79.01907 ], [ -75.39345, 78.52581 ], [ -79.75951, 77.20968 ], [ -77.88911, 76.777955 ], [ -80.56125, 76.17812 ], [ -89.49068, 76.47239 ], [ -89.6161, 76.95213 ], [ -87.76739, 77.17833 ], [ -88.26, 77.9 ], [ -84.97634, 77.53873 ], [ -87.96192, 78.37181 ], [ -85.09495, 79.34543 ], [ -86.93179, 80.25145 ], [ -81.84823, 80.46442 ], [ -87.59895, 80.51627 ], [ -91.58702, 81.89429 ] ] ], [ [ [ -75.21597, 67.44425 ], [ -76.98687, 67.09873 ], [ -77.2364, 67.58809 ], [ -75.89521, 68.28721 ], [ -75.1145, 68.01036 ], [ -75.21597, 67.44425 ] ] ], [ [ [ -98.218261203800552, 70.143540358321772 ], [ -95.647681203800545, 69.107690358321776 ], [ -96.269521203800551, 68.757040358321774 ], [ -99.797401203800547, 69.400030358321771 ], [ -98.218261203800552, 70.143540358321772 ] ] ], [ [ [ -64.51912, 49.87304 ], [ -62.85829, 49.70641 ], [ -61.806305, 49.10506 ], [ -63.58926, 49.40069 ], [ -64.51912, 49.87304 ] ] ], [ [ [ -64.01486, 47.03601 ], [ -63.6645, 46.55001 ], [ -62.01208, 46.44314 ], [ -62.87433, 45.96818 ], [ -64.1428, 46.39265 ], [ -64.01486, 47.03601 ] ] ] ] } },
{ "type": "Feature", "properties": { "pop_est": 326625791, "continent": "North America", "name": "United States of America", "iso_a3": "USA", "gdp_md_est": 18560000.0 }, "geometry": { "type": "MultiPolygon", "coordinates": [ [ [ [ -122.84, 49.000000000000114 ], [ -95.159069509172056, 49.0 ], [ -94.81758, 49.38905 ], [ -94.32914, 48.67074 ], [ -91.64, 48.14 ], [ -88.378114183286712, 48.302917588893706 ], [ -82.550924648758212, 45.347516587905432 ], [ -82.137642381503952, 43.571087551439973 ], [ -83.12, 42.08 ], [ -82.690089280920233, 41.675105088867326 ], [ -78.939362148743754, 42.863611355147981 ], [ -79.171673550111862, 43.466339423184259 ], [ -78.720279914042351, 43.625089423184932 ], [ -76.820034145805579, 43.628784288093755 ], [ -74.867, 45.00048 ], [ -71.50506, 45.0082 ], [ -69.237216, 47.447781 ], [ -67.79046, 47.06636 ], [ -67.79134, 45.70281 ], [ -66.96466, 44.809700000000134 ], [ -70.11617, 43.684050000000127 ], [ -70.825, 42.335 ], [ -69.96503, 41.63717000000014 ], [ -73.71, 40.931102351654488 ], [ -71.944999999999879, 40.93 ], [ -73.952325, 40.75075 ], [ -74.90604, 38.93954 ], [ -75.52805, 39.4985 ], [ -75.05673, 38.40412 ], [ -75.94023, 37.21689 ], [ -75.722049999999854, 37.937050000000113 ], [ -76.35, 39.15 ], [ -76.32933, 38.08326 ], [ -76.989997931613516, 38.239991766913363 ], [ -76.30162, 37.917945 ], [ -75.72749, 35.550740000000133 ], [ -81.33629, 31.44049 ], [ -81.31371, 30.03552 ], [ -80.056539284977589, 26.880000000000109 ], [ -80.38103, 25.20616 ], [ -81.17213, 25.201260000000104 ], [ -81.709999999999866, 25.87 ], [ -83.70959, 29.93656 ], [ -85.10882, 29.63615 ], [ -86.4, 30.4 ], [ -89.593831178419805, 30.159994004836847 ], [ -89.40823, 29.15961 ], [ -93.22637, 29.78375 ], [ -94.69, 29.480000000000132 ], [ -97.139999999999873, 27.83 ], [ -97.139999999999873, 25.87 ], [ -97.53, 25.84 ], [ -99.02, 26.37 ], [ -100.9576, 29.380710000000136 ], [ -102.48, 29.76 ], [ -103.11, 28.97 ], [ -103.94, 29.27 ], [ -106.50758999999988, 31.75452 ], [ -111.02361, 31.33472 ], [ -114.72139, 32.72083 ], [ -117.127759999999853, 32.53534 ], [ -118.519894822799756, 34.027781577575752 ], [ -120.62286, 34.60855 ], [ -124.39807, 40.3132 ], [ -124.53284, 42.765990000000102 ], [ -123.89893, 45.52341 ], [ -124.687210083007812, 48.184432983398551 ], [ -123.12, 48.04 ], [ -122.58736, 47.096 ], [ -122.84, 49.000000000000114 ] ] ], [ [ [ -155.86108, 20.26721 ], [ -154.80741, 19.50871 ], [ -155.68817, 18.91619 ], [ -156.07347, 19.70294 ], [ -155.86108, 20.26721 ] ] ], [ [ [ -155.99566, 20.76404 ], [ -156.41445, 20.57241 ], [ -156.71055, 20.92676 ], [ -156.61258, 21.01249 ], [ -155.99566, 20.76404 ] ] ], [ [ [ -157.25027, 21.21958 ], [ -156.78933, 21.06873 ], [ -157.32521, 21.09777 ], [ -157.25027, 21.21958 ] ] ], [ [ [ -158.0252, 21.71696 ], [ -157.65283, 21.32217 ], [ -157.70703, 21.26442 ], [ -158.12667, 21.31244 ], [ -158.0252, 21.71696 ] ] ], [ [ [ -159.5962, 22.23618 ], [ -159.46372, 21.88299 ], [ -159.80051, 22.06533 ], [ -159.5962, 22.23618 ] ] ], [ [ [ -167.455277066090076, 60.213069159579362 ], [ -165.674429694663644, 60.293606879306253 ], [ -165.579164191733582, 59.909986884187532 ], [ -167.455277066090076, 60.213069159579362 ] ] ], [ [ [ -153.22872941792113, 57.968968410872478 ], [ -152.141147223906387, 57.591058661521998 ], [ -154.0050902984581, 56.734676825581076 ], [ -154.516402757770038, 56.992748928446687 ], [ -154.670992804971178, 57.461195787172528 ], [ -153.22872941792113, 57.968968410872478 ] ] ], [ [ [ -140.985987610376014, 69.711998399526351 ], [ -140.99778, 60.30639 ], [ -139.039, 60.0 ], [ -137.4525, 58.905 ], [ -135.47583, 59.78778 ], [ -131.70781, 56.55212 ], [ -130.00778, 55.91583 ], [ -130.536110189467308, 54.802753404349403 ], [ -131.967211467142306, 55.497775580459006 ], [ -134.078062920296077, 58.12306753196691 ], [ -136.628062309954714, 58.212209377670433 ], [ -139.86778704141301, 59.537761542389148 ], [ -147.114373949146653, 60.884656073644635 ], [ -148.224306200127614, 60.672989406977138 ], [ -148.018065558850822, 59.978328965893638 ], [ -151.716392788683294, 59.155821031319931 ], [ -151.409719001247169, 60.72580272077937 ], [ -150.346941494732505, 61.033587551509868 ], [ -150.621110806257036, 61.284424953854398 ], [ -154.019172126257644, 59.350279446034278 ], [ -153.287511359653166, 58.864727688219773 ], [ -154.23249243875847, 58.14637360293051 ], [ -158.433321296197136, 55.994153550838519 ], [ -164.942226325520068, 54.572224839895341 ], [ -158.684442918919501, 57.016675116597867 ], [ -157.722770352183915, 57.570000515363063 ], [ -157.041674974576978, 58.918884589261722 ], [ -159.058606126928794, 58.424186102931628 ], [ -160.355271165996498, 59.071123358793614 ], [ -161.968893602526322, 58.671664537177378 ], [ -161.874170702135388, 59.633621324290573 ], [ -162.51805904849212, 59.989723619213862 ], [ -163.818341437820209, 59.798055731843363 ], [ -165.3463877024748, 60.507495632562382 ], [ -166.121379157556021, 61.500019029376233 ], [ -165.734451870770584, 62.074996853271784 ], [ -164.562507901039339, 63.146378485763023 ], [ -160.772506680321101, 63.766108100023246 ], [ -161.518068407212184, 64.40278758407527 ], [ -160.777777676414814, 64.788603827566419 ], [ -164.960829841145141, 64.446945095468834 ], [ -168.110560065767146, 65.669997056736747 ], [ -164.474709642575476, 66.576660061297503 ], [ -163.652511766595637, 66.576660061297503 ], [ -163.788601651036231, 66.077207343196676 ], [ -161.677774421210131, 66.116119696712417 ], [ -166.764440680996046, 68.358876858179656 ], [ -166.204707404626674, 68.883030910916148 ], [ -164.430810513343459, 68.915535386827742 ], [ -161.908897264635556, 70.333329983187639 ], [ -156.580824551398081, 71.35776357694175 ], [ -154.344165208941206, 70.696408596470178 ], [ -140.985987610376014, 69.711998399526351 ] ] ], [ [ [ -171.731656867539442, 63.782515367275934 ], [ -170.491112433940714, 63.694975490973505 ], [ -168.68943946030069, 63.297506212000556 ], [ -169.529439867205099, 62.976931464277918 ], [ -171.553063117538727, 63.317789211675105 ], [ -171.731656867539442, 63.782515367275934 ] ] ] ] } },
{ "type": "Feature", "properties": { "pop_est": 18556698, "continent": "Asia", "name": "Kazakhstan", "iso_a3": "KAZ", "gdp_md_est": 460700.0 }, "geometry": { "type": "Polygon", "coordinates": [ [ [ 87.35997033076265, 49.214980780629119 ], [ 85.768232863308299, 48.455750637396989 ], [ 85.164290399113241, 47.000955715516099 ], [ 83.180483839860472, 47.330031236350862 ], [ 82.458925815769064, 45.539649563166506 ], [ 79.966106398441411, 44.917516994804629 ], [ 80.866206496101256, 43.180362046881008 ], [ 80.180150180994303, 42.920067857426943 ], [ 80.259990268885304, 42.349999294599058 ], [ 74.212865838522561, 43.29833934180337 ], [ 73.489757521462366, 42.500894476891318 ], [ 71.186280552052125, 42.704292914392141 ], [ 68.632482944620023, 40.668680731766813 ], [ 66.714047072216516, 41.1684435084615 ], [ 66.510648634715722, 41.987644151368556 ], [ 66.023391554635623, 41.994646307944038 ], [ 66.098012322865088, 42.997660020513095 ], [ 64.900824415959278, 43.728080552742583 ], [ 62.01330040878625, 43.504476630215649 ], [ 58.50312706892845, 45.586804307632974 ], [ 55.928917270741096, 44.995858466159113 ], [ 55.968191359282912, 41.308641669269363 ], [ 54.079417759014952, 42.324109402020831 ], [ 52.502459751196149, 41.78331553808637 ], [ 52.501426222550322, 42.792297878585202 ], [ 51.342427199108215, 43.132974758469345 ], [ 50.305642938036272, 44.609835516938915 ], [ 51.278503452363225, 44.514854234386462 ], [ 51.316899041556042, 45.245998236667901 ], [ 53.040876499245201, 45.259046535821767 ], [ 53.042736850807785, 46.853006089864493 ], [ 51.191945428274266, 47.048704738953916 ], [ 49.101160000000107, 46.399330000000134 ], [ 48.05725, 47.74377 ], [ 46.46644575377627, 48.39415233010493 ], [ 47.549480421749308, 50.454698391311126 ], [ 48.57784142435753, 49.874759629915673 ], [ 48.702381626181023, 50.605128485712839 ], [ 50.766648390512159, 51.692762356159903 ], [ 52.328723585830971, 51.718652248738124 ], [ 55.71694, 50.621710000000178 ], [ 56.777980000000127, 51.04355 ], [ 61.337424350840934, 50.799070136104262 ], [ 61.588003371024172, 51.272658799843214 ], [ 59.967533807215545, 51.960420437215703 ], [ 61.699986199800605, 52.979996446334269 ], [ 60.978066440683165, 53.664993394579142 ], [ 61.436600000000169, 54.00625 ], [ 69.068166945272878, 55.385250149143531 ], [ 70.865266554655136, 55.169733588270105 ], [ 71.180131056609412, 54.133285224008262 ], [ 73.508516066384402, 54.035616766976602 ], [ 73.425678745420441, 53.489810289109755 ], [ 76.891100294913429, 54.490524400441927 ], [ 76.525179477854749, 54.177003485727141 ], [ 80.035559523441691, 50.864750881547252 ], [ 80.568446893235489, 51.38833649352847 ], [ 81.945985548839928, 50.812195949906368 ], [ 83.38300377801238, 51.069182847693924 ], [ 87.35997033076265, 49.214980780629119 ] ] ] } },
{ "type": "Feature", "properties": { "pop_est": 29748859, "continent": "Asia", "name": "Uzbekistan", "iso_a3": "UZB", "gdp_md_est": 202300.0 }, "geometry": { "type": "Polygon", "coordinates": [ [ [ 55.968191359282912, 41.308641669269363 ], [ 55.928917270741096, 44.995858466159113 ], [ 58.50312706892845, 45.586804307632974 ], [ 62.01330040878625, 43.504476630215649 ], [ 64.900824415959278, 43.728080552742583 ], [ 66.098012322865088, 42.997660020513095 ], [ 66.023391554635623, 41.994646307944038 ], [ 66.510648634715722, 41.987644151368556 ], [ 66.714047072216516, 41.1684435084615 ], [ 67.98585574735182, 41.13599070898222 ], [ 68.25989586779562, 40.662324530594901 ], [ 70.962314894499144, 42.266154283205495 ], [ 70.42002241402821, 41.519998277343142 ], [ 73.05541710804917, 40.866033026689465 ], [ 71.77487511585656, 40.145844428053778 ], [ 70.601406691372688, 40.218527330072291 ], [ 70.666622348925046, 40.960213324541414 ], [ 69.329494663372827, 40.727824408524853 ], [ 68.536416456989429, 39.533452867178937 ], [ 67.701428664017357, 39.580478420564532 ], [ 67.442219679641312, 39.140143541005486 ], [ 68.176025018185925, 38.901553453113905 ], [ 68.392032505165957, 38.157025254868742 ], [ 67.829999627559516, 37.144994004864685 ], [ 66.51860680528867, 37.362784328758792 ], [ 66.546150343700219, 37.974684963526869 ], [ 64.170223016216767, 38.892406724598246 ], [ 62.374260288345006, 40.053886216790389 ], [ 61.882714064384693, 41.084856879229406 ], [ 60.465952996670694, 41.220326646482548 ], [ 59.976422153569786, 42.223081976890207 ], [ 58.62901085799146, 42.751551011723052 ], [ 56.932215203687804, 41.826026109375604 ], [ 57.096391229079103, 41.322310085610567 ], [ 55.968191359282912, 41.308641669269363 ] ] ] } },
{ "type": "Feature", "properties": { "pop_est": 6909701, "continent": "Oceania", "name": "Papua New Guinea", "iso_a3": "PNG", "gdp_md_est": 28020.0 }, "geometry": { "type": "MultiPolygon", "coordinates": [ [ [ [ 141.000210402591847, -2.60015105551566 ], [ 144.583970982033236, -3.861417738463416 ], [ 145.981921828393013, -5.465609226100043 ], [ 147.648073358347574, -6.083659356310847 ], [ 147.891107619416232, -6.614014580922343 ], [ 146.970905389594861, -6.721656589386313 ], [ 147.191873814074938, -7.388024183790023 ], [ 150.690574985963906, -10.582712904505925 ], [ 147.913018426707993, -10.13044076908745 ], [ 146.048481073184917, -8.067414239131281 ], [ 144.744167922138047, -7.630128269077446 ], [ 143.286375767184325, -8.245491224809079 ], [ 143.413913202080664, -8.983068942910982 ], [ 142.628431431244167, -9.326820570516524 ], [ 141.033851760013818, -9.117892754760483 ], [ 141.000210402591847, -2.60015105551566 ] ] ], [ [ [ 152.640016717742526, -3.659983005389691 ], [ 153.14003787659874, -4.499983412294092 ], [ 152.827292108368283, -4.766427097190991 ], [ 152.406025832324929, -3.789742526874583 ], [ 150.662049595338829, -2.741486097833935 ], [ 152.640016717742526, -3.659983005389691 ] ] ], [ [ [ 151.301390415653884, -5.840728448106752 ], [ 149.709963006793316, -6.316513360218025 ], [ 148.318936802360668, -5.747142429226166 ], [ 149.845561965127217, -5.505503431829368 ], [ 150.139755894164864, -5.001348158389852 ], [ 150.236907586873542, -5.532220147324267 ], [ 150.80746707580812, -5.455842380396874 ], [ 151.647880894170896, -4.757073662946162 ], [ 151.537861769821461, -4.167807305521933 ], [ 152.136791620084296, -4.14879037843852 ], [ 152.318692661751697, -4.867661228050771 ], [ 151.301390415653884, -5.840728448106752 ] ] ], [ [ [ 154.759990676084385, -5.339983819198495 ], [ 156.019965448224809, -6.540013929880381 ], [ 155.880025669578401, -6.819996840037753 ], [ 155.166994256815144, -6.535931491729322 ], [ 154.759990676084385, -5.339983819198495 ] ] ] ] } },
{ "type": "Feature", "properties": { "pop_est": 260580739, "continent": "Asia", "name": "Indonesia", "iso_a3": "IDN", "gdp_md_est": 3028000.0 }, "geometry": { "type": "MultiPolygon", "coordinates": [ [ [ [ 141.000210402591847, -2.60015105551566 ], [ 141.033851760013818, -9.117892754760483 ], [ 140.143415155192542, -8.29716765710095 ], [ 137.614473911692869, -8.41168263105974 ], [ 138.668621454014783, -7.320224704623087 ], [ 137.927839797110778, -5.393365573756 ], [ 133.662880487197867, -3.538853448097541 ], [ 132.983955519747269, -4.112978610860253 ], [ 131.989804315316178, -2.820551039240499 ], [ 133.69621178602614, -2.214541517753702 ], [ 132.232373488494261, -2.212526136894319 ], [ 130.519558140180095, -0.937720228686089 ], [ 132.380116408416711, -0.369537855636949 ], [ 133.985548130428356, -0.780210463060456 ], [ 134.422627394753022, -2.769184665542376 ], [ 135.457602980694674, -3.367752780779149 ], [ 137.440737746327557, -1.703513278819365 ], [ 141.000210402591847, -2.60015105551566 ] ] ], [ [ [ 124.968682489116233, -8.892790215697083 ], [ 124.435950148619327, -10.140000909061449 ], [ 123.459989048354998, -10.239994805546223 ], [ 123.980008986508096, -9.290026950724716 ], [ 124.968682489116233, -8.892790215697083 ] ] ], [ [ [ 134.210133905168846, -6.89523772545472 ], [ 134.112775506730941, -6.142467136259 ], [ 134.499625278867882, -5.445042006047871 ], [ 134.724624465066711, -6.214400730009288 ], [ 134.210133905168846, -6.89523772545472 ] ] ], [ [ [ 117.882034946770176, 4.137551377779516 ], [ 117.313232456533498, 3.234428208830593 ], [ 117.875627069165972, 1.827640692548925 ], [ 118.996747267738158, 0.902219143066063 ], [ 117.811858351717802, 0.784241848143708 ], [ 117.521643507966644, -0.803723239753268 ], [ 116.560048455879468, -1.48766082113621 ], [ 116.148083937648664, -4.012726332214022 ], [ 116.00085778204911, -3.657037448749058 ], [ 114.864803094544556, -4.106984144714396 ], [ 113.256994256647516, -3.118775729996905 ], [ 112.068126255340673, -3.478392022316051 ], [ 111.703290643360049, -2.994442233902654 ], [ 110.223846063276, -2.934032484553455 ], [ 108.952657505328204, 0.415375474444318 ], [ 109.663260125773746, 2.006466986494956 ], [ 110.514060907027158, 0.773131415200965 ], [ 112.859809198052176, 1.497790025229904 ], [ 113.805849644019503, 1.217548732911069 ], [ 114.62135542201753, 1.430688177898901 ], [ 115.865517205876699, 4.3065591495901 ], [ 117.882034946770176, 4.137551377779516 ] ] ], [ [ [ 128.135879347852836, -2.843650404474971 ], [ 130.471344028851775, -3.093764336767634 ], [ 130.834836053592824, -3.858472181822776 ], [ 127.898891229362349, -3.393435967628207 ], [ 128.135879347852836, -2.843650404474971 ] ] ], [ [ [ 126.874922723498855, -3.790982761249587 ], [ 126.183802118027359, -3.607376397316564 ], [ 125.989033644719257, -3.177273451351305 ], [ 127.000651483264974, -3.129317722184446 ], [ 126.874922723498855, -3.790982761249587 ] ] ], [ [ [ 127.932377557487484, 2.174596258956569 ], [ 128.688248732620707, 1.132385972494063 ], [ 128.100015903842291, -0.899996433113031 ], [ 127.399490187693686, 1.011721503092545 ], [ 127.932377557487484, 2.174596258956569 ] ] ], [ [ [ 122.927566766451804, 0.875192368977409 ], [ 125.240500522971502, 1.419836127117605 ], [ 123.685504998876695, 0.235593166500891 ], [ 120.183083123862716, 0.237246812334234 ], [ 120.040869582195484, -0.519657891444837 ], [ 120.935905389490728, -1.408905938323393 ], [ 123.340564813328456, -0.615672702643138 ], [ 121.508273553555512, -1.904482924002458 ], [ 123.162332798353802, -5.340603936385996 ], [ 122.236394484548015, -5.282933037948268 ], [ 122.719569126477012, -4.464171644715826 ], [ 121.489463332201268, -4.574552504091265 ], [ 120.972388950688782, -2.627642917494939 ], [ 120.305452915529855, -2.931603692235733 ], [ 120.430716587405371, -5.528241062037793 ], [ 119.796543410319487, -5.673400160345665 ], [ 119.366905552244887, -5.37987802492782 ], [ 119.498835483886012, -3.494411716326532 ], [ 118.767768996252869, -2.801999200047718 ], [ 119.82599897672587, 0.154254462073482 ], [ 120.885779250167616, 1.30922272379685 ], [ 122.927566766451804, 0.875192368977409 ] ] ], [ [ [ 120.295014276206885, -10.258649997603591 ], [ 118.967808465654713, -9.557969252158074 ], [ 119.900309686361567, -9.361340427287502 ], [ 120.775501743656747, -9.969675388227429 ], [ 120.295014276206885, -10.258649997603591 ] ] ], [ [ [ 120.715091994307571, -8.236964613480914 ], [ 122.007364536630433, -8.460620212440148 ], [ 122.903537225436068, -8.094234307490765 ], [ 122.756982863456315, -8.649807631060696 ], [ 119.924390903809581, -8.810417982623839 ], [ 120.715091994307571, -8.236964613480914 ] ] ], [ [ [ 117.900018345207755, -8.095681247594939 ], [ 119.126506789223072, -8.705824883665088 ], [ 116.740140822416649, -9.032936700072646 ], [ 117.900018345207755, -8.095681247594939 ] ] ], [ [ [ 106.051645949327025, -5.895918877794472 ], [ 112.614811232556406, -6.946035658397626 ], [ 112.978768345188058, -7.594213148634594 ], [ 115.705526971501058, -8.370806573116873 ], [ 114.564511346496488, -8.751816908404855 ], [ 105.365486281355516, -6.851416110871206 ], [ 106.051645949327025, -5.895918877794472 ] ] ], [ [ [ 104.369991489684892, -1.084843031421059 ], [ 104.887892694114015, -2.340425306816705 ], [ 106.108593377712651, -3.061776625178965 ], [ 105.817655063909399, -5.85235564537242 ], [ 104.710384149191441, -5.873284600450632 ], [ 102.584260695406897, -4.220258884298183 ], [ 98.601351352943055, 1.823506577965574 ], [ 95.293026157617291, 5.479820868344788 ], [ 97.484882033277103, 5.246320909033955 ], [ 100.641433546961622, 2.099381211755741 ], [ 102.498271112073226, 1.398700466310231 ], [ 103.838396030698362, 0.104541734208695 ], [ 103.437645298274902, -0.711945896002902 ], [ 104.369991489684892, -1.084843031421059 ] ] ] ] } },
{ "type": "Feature", "properties": { "pop_est": 44293293, "continent": "South America", "name": "Argentina", "iso_a3": "ARG", "gdp_md_est": 879400.0 }, "geometry": { "type": "MultiPolygon", "coordinates": [ [ [ [ -68.634010227583232, -52.636370458874488 ], [ -67.75, -53.85 ], [ -65.05, -54.7 ], [ -66.45, -55.25 ], [ -68.63335, -54.8695 ], [ -68.634010227583232, -52.636370458874488 ] ] ], [ [ [ -57.625133429582959, -30.216294854454262 ], [ -58.495442064026548, -34.431489760070079 ], [ -57.225829637263658, -35.288026625307879 ], [ -56.78828528504836, -36.901571547189334 ], [ -57.749156867083457, -38.183870538079887 ], [ -59.231857062401893, -38.720220228837235 ], [ -62.335956997310127, -38.827707208004334 ], [ -62.145994432205214, -40.676896661136723 ], [ -62.745802781816984, -41.028761488612098 ], [ -65.118035244391578, -41.064314874028909 ], [ -64.978560553635816, -42.05800099056934 ], [ -63.755947842042389, -42.043686618824495 ], [ -63.458059048095876, -42.563138116222405 ], [ -65.181803961839748, -43.495380954767796 ], [ -65.565268927661606, -45.036785577169795 ], [ -67.29379391139247, -45.55189625425519 ], [ -67.580546434180079, -46.30177296324257 ], [ -65.64102657740149, -47.23613453551193 ], [ -65.985088263600787, -48.133289076531135 ], [ -69.138539191347775, -50.732510267947795 ], [ -68.149994879820383, -52.349983406127677 ], [ -71.914803839796377, -52.009022305865898 ], [ -72.309973517532342, -50.677009779666321 ], [ -73.328050910114527, -50.378785088909915 ], [ -73.415435757120093, -49.318436374712967 ], [ -72.331160854772008, -48.244238376661798 ], [ -71.659315558545359, -44.973688653341426 ], [ -71.222778896759763, -44.784242852559416 ], [ -72.14889807807856, -42.254888197601375 ], [ -71.413516608349056, -38.916022230791143 ], [ -70.814664272734689, -38.552995293940739 ], [ -71.12188066270987, -36.658123874662323 ], [ -70.364769253201644, -36.005088799789917 ], [ -69.817309129501524, -34.1935714657983 ], [ -70.53506893581951, -31.365010267870311 ], [ -69.656130337183171, -28.459141127233686 ], [ -68.295541551370434, -26.899339694935779 ], [ -68.41765296087614, -24.518554782816881 ], [ -67.328442959244171, -24.02530323659095 ], [ -67.106673550063604, -22.735924574476417 ], [ -66.273339402924847, -21.83231047942072 ], [ -64.964892137294612, -22.075861504812327 ], [ -64.377021043542257, -22.79809132252354 ], [ -63.986838141522476, -21.99364430103595 ], [ -62.846468471921561, -22.034985446869449 ], [ -60.846564704009914, -23.880712579038292 ], [ -57.777217169817938, -25.16233977630904 ], [ -58.618173590719749, -27.123718763947096 ], [ -55.695845506398157, -27.387837009390864 ], [ -54.13004960795439, -25.547639255477254 ], [ -53.648735317587892, -26.92347258881609 ], [ -57.625133429582959, -30.216294854454262 ] ] ] ] } },
{ "type": "Feature", "properties": { "pop_est": 17789267, "continent": "South America", "name": "Chile", "iso_a3": "CHL", "gdp_md_est": 436100.0 }, "geometry": { "type": "MultiPolygon", "coordinates": [ [ [ [ -68.634010227583232, -52.636370458874488 ], [ -68.63335, -54.8695 ], [ -66.95992, -54.89681 ], [ -68.14863, -55.61183 ], [ -71.00568, -55.05383 ], [ -74.66253, -52.83749 ], [ -71.10773, -54.07433 ], [ -70.26748, -52.93123 ], [ -68.634010227583232, -52.636370458874488 ] ] ], [ [ [ -69.59042375352405, -17.580011895419332 ], [ -68.442225104430918, -19.405068454671429 ], [ -68.757167121033746, -20.372657972904463 ], [ -67.828179897722734, -22.872918796482175 ], [ -66.9852339341777, -22.986348565362839 ], [ -67.328442959244171, -24.02530323659095 ], [ -68.41765296087614, -24.518554782816881 ], [ -68.295541551370434, -26.899339694935779 ], [ -69.656130337183171, -28.459141127233686 ], [ -70.53506893581951, -31.365010267870311 ], [ -69.817309129501524, -34.1935714657983 ], [ -70.364769253201644, -36.005088799789917 ], [ -71.12188066270987, -36.658123874662323 ], [ -70.814664272734689, -38.552995293940739 ], [ -71.413516608349056, -38.916022230791143 ], [ -72.14889807807856, -42.254888197601375 ], [ -71.222778896759763, -44.784242852559416 ], [ -71.659315558545359, -44.973688653341426 ], [ -72.331160854772008, -48.244238376661798 ], [ -73.415435757120093, -49.318436374712967 ], [ -73.328050910114527, -50.378785088909915 ], [ -72.309973517532342, -50.677009779666321 ], [ -71.914803839796377, -52.009022305865898 ], [ -68.571545376241332, -52.299443855346226 ], [ -70.8451016913546, -52.899200528525711 ], [ -71.429794684520999, -53.856454760300373 ], [ -74.946763475225168, -52.262753588419002 ], [ -75.608015102831985, -48.673772881871841 ], [ -74.126580980104706, -46.939253431995112 ], [ -75.644395311165454, -46.647643324572073 ], [ -74.692153693323121, -45.763976332381027 ], [ -74.351709357384252, -44.103044122087937 ], [ -73.24035600451522, -44.454960625995604 ], [ -72.717803921179794, -42.383355808278978 ], [ -73.388899909138217, -42.117532240569574 ], [ -73.701335618774877, -43.365776462579774 ], [ -74.331943122032612, -43.224958184584423 ], [ -73.217592536090649, -39.258688653318558 ], [ -73.58806087919109, -37.156284681955981 ], [ -73.166717088499297, -37.123780206044387 ], [ -71.438450486929895, -32.418899428030777 ], [ -71.48989437527645, -28.861442152625923 ], [ -70.905123867461612, -27.640379734001247 ], [ -70.091245897080739, -21.393319187101259 ], [ -70.372572394477714, -18.347975355708869 ], [ -69.59042375352405, -17.580011895419332 ] ] ] ] } },
{ "type": "Feature", "properties": { "pop_est": 83301151, "continent": "Africa", "name": "Dem. Rep. Congo", "iso_a3": "COD", "gdp_md_est": 66010.0 }, "geometry": { "type": "Polygon", "coordinates": [ [ [ 29.024926385216787, -2.839257907730158 ], [ 29.620032179490014, -6.520015150583426 ], [ 30.740015496551791, -8.340007419470915 ], [ 28.734866570762502, -8.526559340044578 ], [ 28.372253045370428, -11.793646742401393 ], [ 29.61600141777123, -12.178894545137311 ], [ 29.699613885219492, -13.257226657771831 ], [ 28.934285922976837, -13.248958428605135 ], [ 27.164419793412463, -11.608748467661075 ], [ 26.553087599399618, -11.924439792532127 ], [ 24.257155389103989, -10.951992689663657 ], [ 22.155268182064308, -11.084801120653772 ], [ 21.728110792739699, -7.290872491081302 ], [ 20.091621534920648, -6.943090101756994 ], [ 19.016751743249671, -7.988245944860132 ], [ 17.472970004962235, -8.0685511206417 ], [ 16.326528354567046, -5.877470391466268 ], [ 12.182336866920252, -5.789930515163839 ], [ 13.600234816144678, -4.50013844159097 ], [ 14.582603794013181, -4.97023894615014 ], [ 16.006289503654301, -3.535132744972529 ], [ 16.407091912510054, -1.740927015798682 ], [ 17.638644646889986, -0.424831638189247 ], [ 18.542982211997781, 4.201785183118318 ], [ 19.467783644293149, 5.03152781821278 ], [ 22.405123732195538, 4.029160061047321 ], [ 22.841479526468106, 4.710126247573484 ], [ 25.650455356557472, 5.256087754737123 ], [ 27.37422610851749, 5.233944403500061 ], [ 28.428993768026913, 4.287154649264494 ], [ 29.71599531425602, 4.600804755060153 ], [ 30.833859897593811, 3.509165961110341 ], [ 30.773346795380039, 2.339883327642127 ], [ 31.174149204235817, 2.204465236821264 ], [ 29.875778842902434, 0.597379868976361 ], [ 29.024926385216787, -2.839257907730158 ] ] ] } },
{ "type": "Feature", "properties": { "pop_est": 7531386, "continent": "Africa", "name": "Somalia", "iso_a3": "SOM", "gdp_md_est": 4719.0 }, "geometry": { "type": "Polygon", "coordinates": [ [ [ 41.58513, -1.68325 ], [ 40.993, -0.85829 ], [ 40.98105, 2.78452 ], [ 42.12861, 4.23413 ], [ 44.9636, 5.00162 ], [ 48.938129510296449, 9.451748968946617 ], [ 48.948204758509739, 11.410617281697963 ], [ 51.1112, 12.02464 ], [ 50.55239, 9.19874 ], [ 48.59455, 5.33911 ], [ 41.58513, -1.68325 ] ] ] } },
{ "type": "Feature", "properties": { "pop_est": 47615739, "continent": "Africa", "name": "Kenya", "iso_a3": "KEN", "gdp_md_est": 152700.0 }, "geometry": { "type": "Polygon", "coordinates": [ [ [ 39.20222, -4.67677 ], [ 37.7669, -3.67712 ], [ 37.69869, -3.09699 ], [ 33.903711197104528, -0.95 ], [ 33.893568969666944, 0.109813537861896 ], [ 35.03599, 1.90584 ], [ 34.005, 4.249884947362048 ], [ 35.298007118232981, 5.506 ], [ 36.159078632855646, 4.447864127672769 ], [ 38.120915, 3.598605 ], [ 39.559384258765853, 3.42206 ], [ 40.76848, 4.25702 ], [ 41.855083092643973, 3.918911920483727 ], [ 40.98105, 2.78452 ], [ 40.993, -0.85829 ], [ 41.58513, -1.68325 ], [ 40.26304, -2.57309 ], [ 39.20222, -4.67677 ] ] ] } },
{ "type": "Feature", "properties": { "pop_est": 37345935, "continent": "Africa", "name": "Sudan", "iso_a3": "SDN", "gdp_md_est": 176300.0 }, "geometry": { "type": "Polygon", "coordinates": [ [ [ 24.567369012152085, 8.229187933785468 ], [ 23.805813429466752, 8.666318874542526 ], [ 23.459012892355986, 8.954285793488893 ], [ 23.554304233502194, 10.089255275915308 ], [ 21.93681, 12.588180000000136 ], [ 23.024590000000103, 15.68072 ], [ 23.886890000000108, 15.61084 ], [ 23.850000000000136, 20.0 ], [ 25.000000000000114, 20.00304 ], [ 25.0, 22.0 ], [ 36.86623, 22.0 ], [ 37.481790000000103, 18.61409 ], [ 38.410089959473225, 17.998307399970315 ], [ 36.852530000000115, 16.95655 ], [ 36.27022, 13.563330000000121 ], [ 34.25745, 10.63009 ], [ 33.97498, 8.68456 ], [ 33.206938084561784, 12.179338268667095 ], [ 32.743419037302544, 12.248007757149992 ], [ 32.073891524594785, 11.973329803218519 ], [ 32.400071594888345, 11.080626452941488 ], [ 31.352861895524882, 9.810240916008695 ], [ 29.996639497988554, 10.290927335388687 ], [ 28.966597170745786, 9.398223985111656 ], [ 26.752006167173818, 9.466893473594496 ], [ 25.790633328413946, 10.411098940233728 ], [ 25.069603699343986, 10.273759963267992 ], [ 24.53741516360202, 8.91753756573172 ], [ 23.886979580860668, 8.619729712933065 ], [ 24.567369012152085, 8.229187933785468 ] ] ] } },
{ "type": "Feature", "properties": { "pop_est": 12075985, "continent": "Africa", "name": "Chad", "iso_a3": "TCD", "gdp_md_est": 30590.0 }, "geometry": { "type": "Polygon", "coordinates": [ [ [ 23.837660000000142, 19.580470000000105 ], [ 23.886890000000108, 15.61084 ], [ 23.024590000000103, 15.68072 ], [ 21.93681, 12.588180000000136 ], [ 22.864165480244225, 11.142395127807546 ], [ 21.000868361096167, 9.475985215691509 ], [ 18.812009718509273, 8.982914536978598 ], [ 17.964929640380888, 7.890914008002994 ], [ 15.279460483469109, 7.421924546737969 ], [ 14.97999555833769, 8.796104234243472 ], [ 13.954218377344006, 9.549494940626687 ], [ 14.171466098699028, 10.021378282099931 ], [ 15.467872755605242, 9.982336737503545 ], [ 14.595781284247607, 13.330426947477861 ], [ 13.95447675950561, 13.353448798063766 ], [ 13.540393507550789, 14.367133693901224 ], [ 13.97217, 15.68437 ], [ 15.247731154041844, 16.627305813050782 ], [ 15.903246697664315, 20.387618923417506 ], [ 15.096887648181848, 21.308518785074909 ], [ 14.8513, 22.862950000000126 ], [ 15.86085, 23.40972 ], [ 23.837660000000142, 19.580470000000105 ] ] ] } },
{ "type": "Feature", "properties": { "pop_est": 10646714, "continent": "North America", "name": "Haiti", "iso_a3": "HTI", "gdp_md_est": 19340.0 }, "geometry": { "type": "Polygon", "coordinates": [ [ [ -71.712361416292964, 19.714455878167357 ], [ -71.708304816358051, 18.044997056546094 ], [ -74.458033616824778, 18.342549953682706 ], [ -72.334881557897006, 18.668421535715254 ], [ -73.189790615517623, 19.915683905511912 ], [ -71.712361416292964, 19.714455878167357 ] ] ] } },
{ "type": "Feature", "properties": { "pop_est": 10734247, "continent": "North America", "name": "Dominican Rep.", "iso_a3": "DOM", "gdp_md_est": 161900.0 }, "geometry": { "type": "Polygon", "coordinates": [ [ [ -71.400209927033899, 17.598564357976599 ], [ -71.587304450146632, 19.8849105900821 ], [ -69.950815192327582, 19.647999986240009 ], [ -68.317943284768972, 18.612197577381693 ], [ -68.689315965434517, 18.205142320218613 ], [ -70.669298468697633, 18.426885891183034 ], [ -71.400209927033899, 17.598564357976599 ] ] ] } },
{ "type": "Feature", "properties": { "pop_est": 142257519, "continent": "Europe", "name": "Russia", "iso_a3": "RUS", "gdp_md_est": 3745000.0 }, "geometry": { "type": "MultiPolygon", "coordinates": [ [ [ [ 178.7253, 71.0988 ], [ 180.0, 71.515714336428289 ], [ 180.0, 70.832199208546726 ], [ 178.7253, 71.0988 ] ] ], [ [ [ 49.101160000000107, 46.399330000000134 ], [ 46.68201, 44.609200000000101 ], [ 48.584370000000149, 41.80888 ], [ 47.815665724484631, 41.151416124021353 ], [ 45.470279168485717, 42.502780666669977 ], [ 39.955008579270924, 43.434997666999223 ], [ 36.675460000000101, 45.244690000000105 ], [ 38.23295, 46.24087 ], [ 37.67372, 46.63657 ], [ 39.147670000000119, 47.044750000000136 ], [ 38.223538038899335, 47.10218984637595 ], [ 38.255112339029779, 47.546400458356914 ], [ 39.738277622238854, 47.898937079451969 ], [ 40.069040000000143, 49.60105 ], [ 35.356116163887975, 50.57719737405904 ], [ 35.022183058417909, 51.207572333371502 ], [ 34.224815708154267, 51.255993150428878 ], [ 34.391730584457093, 51.768881740925906 ], [ 33.752699822735792, 52.335074571331802 ], [ 31.78597, 52.101680000000101 ], [ 31.305200636528014, 53.073995876673209 ], [ 32.693643019346041, 53.351420803432177 ], [ 30.757533807098721, 54.811770941784317 ], [ 30.87390913262001, 55.550976467503411 ], [ 28.17670942557794, 56.169129950578792 ], [ 27.288184848751513, 57.474528306703832 ], [ 27.716685825315722, 57.791899115624361 ], [ 27.420150000000149, 58.724570000000142 ], [ 29.1177, 60.028050000000121 ], [ 28.07, 60.50352 ], [ 31.516092156711125, 62.867687486412891 ], [ 30.035872430142717, 63.552813625738551 ], [ 30.444684686003711, 64.20445343693909 ], [ 29.544429559046989, 64.948671576590485 ], [ 30.21765, 65.80598 ], [ 29.054588657352326, 66.944286200622059 ], [ 29.97742638522061, 67.698297024192755 ], [ 28.445943637818658, 68.364612942164044 ], [ 28.591929559043194, 69.064776923286658 ], [ 32.132720000000177, 69.905950000000189 ], [ 41.05987, 67.45713000000012 ], [ 41.125950000000103, 66.79158 ], [ 38.38295, 65.999530000000107 ], [ 33.18444, 66.63253 ], [ 34.814770000000124, 65.900150000000167 ], [ 34.94391, 64.41437000000019 ], [ 37.01273, 63.849830000000111 ], [ 36.539579035089787, 64.76446 ], [ 37.17604, 65.143220000000156 ], [ 39.59345, 64.520790000000204 ], [ 40.4356, 64.76446 ], [ 39.762600000000191, 65.49682 ], [ 42.093090000000132, 66.47623 ], [ 43.949750000000108, 66.06908 ], [ 44.53226, 66.756340000000137 ], [ 43.69839, 67.35245 ], [ 44.187950000000171, 67.950510000000122 ], [ 43.45282, 68.57079 ], [ 46.250000000000114, 68.25 ], [ 46.82134, 67.68997 ], [ 45.55517, 67.56652 ], [ 45.562020000000132, 67.010050000000149 ], [ 46.349150000000122, 66.667670000000101 ], [ 53.717430000000149, 68.857380000000148 ], [ 54.47171, 68.80815 ], [ 53.48582000000016, 68.20131 ], [ 58.802000000000135, 68.88082 ], [ 59.941420000000107, 68.27844 ], [ 61.077840000000208, 68.94069 ], [ 60.03, 69.52 ], [ 60.55, 69.85 ], [ 68.512160000000165, 68.092330000000118 ], [ 69.180680000000109, 68.615630000000124 ], [ 66.930080000000146, 69.454610000000116 ], [ 67.25976, 69.92873 ], [ 66.69466, 71.028970000000186 ], [ 69.94, 73.04 ], [ 72.58754, 72.776290000000131 ], [ 72.79603, 72.22006 ], [ 71.84811, 71.40898 ], [ 72.79188, 70.39114 ], [ 72.56470000000013, 69.02085 ], [ 73.66787, 68.4079 ], [ 71.28, 66.320000000000107 ], [ 72.42301, 66.17267000000021 ], [ 75.052, 67.760470000000112 ], [ 74.469260000000133, 68.32899 ], [ 74.93584, 68.98918 ], [ 73.84236, 69.07146 ], [ 73.60187000000019, 69.62763 ], [ 74.3998, 70.63175 ], [ 73.1011, 71.447170000000199 ], [ 74.89082000000019, 72.121190000000126 ], [ 74.65926, 72.83227 ], [ 75.683510000000126, 72.300560000000132 ], [ 75.28898, 71.3355600000001 ], [ 76.35911, 71.152870000000178 ], [ 75.903130000000147, 71.87401 ], [ 77.57665, 72.26717 ], [ 81.5, 71.75 ], [ 80.61071, 72.582850000000121 ], [ 80.51109, 73.6482 ], [ 86.822300000000155, 73.93688 ], [ 86.00956, 74.459670000000187 ], [ 87.166820000000143, 75.11643 ], [ 100.759670000000142, 76.43028 ], [ 101.990840000000105, 77.287540000000149 ], [ 104.351600000000133, 77.69792 ], [ 106.066640000000177, 77.37389 ], [ 104.705000000000155, 77.1274 ], [ 106.97013, 76.97419 ], [ 107.240000000000123, 76.48 ], [ 111.077260000000194, 76.71 ], [ 114.13417, 75.84764 ], [ 113.88539, 75.327790000000164 ], [ 109.4, 74.18 ], [ 113.019540000000234, 73.976930000000152 ], [ 113.529580000000237, 73.335050000000138 ], [ 115.56782, 73.75285 ], [ 123.20066, 72.97122 ], [ 123.257770000000164, 73.73503 ], [ 126.97644, 73.565490000000125 ], [ 128.59126, 73.03871 ], [ 129.05157, 72.39872 ], [ 128.46, 71.98 ], [ 131.288580000000252, 70.786990000000117 ], [ 132.253500000000145, 71.836300000000108 ], [ 133.857660000000237, 71.386420000000101 ], [ 139.86983, 71.487830000000145 ], [ 139.14791, 72.416190000000142 ], [ 140.46817, 72.849410000000148 ], [ 149.5, 72.2 ], [ 152.96890000000019, 70.84222 ], [ 158.99779, 70.86672 ], [ 159.830310000000168, 70.45324 ], [ 159.70866, 69.72198 ], [ 160.940530000000308, 69.437280000000101 ], [ 167.83567, 69.582690000000127 ], [ 169.577630000000113, 68.6938 ], [ 170.816880000000197, 69.01363 ], [ 170.008200000000102, 69.65276 ], [ 170.453450000000203, 70.09703 ], [ 175.724030000000198, 69.877250000000174 ], [ 180.0, 68.96363636363651 ], [ 180.0, 64.979708702198479 ], [ 177.41128, 64.60821 ], [ 179.37034, 62.982620000000111 ], [ 179.22825, 62.304100000000176 ], [ 177.3643, 62.5219 ], [ 173.68013, 61.65261 ], [ 170.330850000000282, 59.88177 ], [ 168.90046, 60.57355 ], [ 166.294980000000237, 59.788550000000157 ], [ 165.840000000000146, 60.16 ], [ 163.53929, 59.86871 ], [ 162.01733, 58.24328 ], [ 163.19191, 57.615030000000104 ], [ 163.057940000000144, 56.159240000000125 ], [ 162.129580000000146, 56.12219 ], [ 161.70146, 55.285680000000184 ], [ 162.11749, 54.85514 ], [ 160.368770000000268, 54.34433 ], [ 160.021730000000161, 53.20257 ], [ 158.530940000000101, 52.958680000000186 ], [ 158.23118, 51.94269 ], [ 156.789790000000266, 51.01105 ], [ 155.43366, 55.381030000000123 ], [ 155.914420000000291, 56.767920000000174 ], [ 156.81035, 57.83204 ], [ 158.364330000000109, 58.05575 ], [ 163.66969, 61.140900000000101 ], [ 164.47355, 62.55061 ], [ 163.258420000000115, 62.466270000000122 ], [ 162.65791, 61.6425 ], [ 160.12148, 60.54423 ], [ 159.30232, 61.773960000000102 ], [ 156.72068, 61.43442 ], [ 154.218060000000264, 59.758180000000152 ], [ 155.04375, 59.14495 ], [ 151.26573000000019, 58.78089 ], [ 151.33815, 59.50396 ], [ 149.78371, 59.655730000000176 ], [ 148.54481, 59.16448 ], [ 142.19782, 59.039980000000128 ], [ 135.12619, 54.72959 ], [ 136.70171, 54.603550000000155 ], [ 138.1647, 53.755010000000198 ], [ 139.90151, 54.189680000000124 ], [ 141.34531, 53.089570000000151 ], [ 140.061930000000189, 48.44671000000011 ], [ 134.86939000000018, 43.39821 ], [ 133.536870000000249, 42.81147 ], [ 132.278070000000184, 43.284560000000113 ], [ 130.78, 42.220000000000141 ], [ 131.02519000000018, 44.96796 ], [ 133.097120000000132, 45.14409 ], [ 135.026311476786645, 48.478229885443874 ], [ 130.987260000000106, 47.79013 ], [ 130.582293328982416, 48.72968740497614 ], [ 129.397817824420429, 49.440600084015443 ], [ 127.65740000000028, 49.760270000000105 ], [ 125.946348911646169, 52.792798570356979 ], [ 123.57147, 53.4588 ], [ 120.177088657716808, 52.753886216841238 ], [ 120.7382, 51.96411 ], [ 119.288460728025797, 50.142882798862004 ], [ 117.879244419426399, 49.510983384796965 ], [ 114.362456496235268, 50.248302720737414 ], [ 110.662010532678778, 49.130128078805853 ], [ 108.475167270951289, 49.28254771585074 ], [ 106.888804152455293, 50.274295966180318 ], [ 103.676545444760222, 50.089966132195116 ], [ 102.25589, 50.510560000000112 ], [ 102.06521, 51.25991 ], [ 98.861490513100335, 52.047366034546691 ], [ 97.825739780674311, 51.010995184933179 ], [ 98.231761509191557, 50.422400621128745 ], [ 97.259760000000142, 49.72605 ], [ 92.234711541719676, 50.802170722041723 ], [ 87.35997033076265, 49.214980780629119 ], [ 83.38300377801238, 51.069182847693924 ], [ 81.945985548839928, 50.812195949906368 ], [ 80.568446893235489, 51.38833649352847 ], [ 80.035559523441691, 50.864750881547252 ], [ 76.525179477854749, 54.177003485727141 ], [ 76.891100294913429, 54.490524400441927 ], [ 73.425678745420441, 53.489810289109755 ], [ 73.508516066384402, 54.035616766976602 ], [ 71.180131056609412, 54.133285224008262 ], [ 70.865266554655136, 55.169733588270105 ], [ 69.068166945272878, 55.385250149143531 ], [ 61.436600000000169, 54.00625 ], [ 60.978066440683165, 53.664993394579142 ], [ 61.699986199800605, 52.979996446334269 ], [ 59.967533807215545, 51.960420437215703 ], [ 61.588003371024172, 51.272658799843214 ], [ 61.337424350840934, 50.799070136104262 ], [ 56.777980000000127, 51.04355 ], [ 55.71694, 50.621710000000178 ], [ 52.328723585830971, 51.718652248738124 ], [ 50.766648390512159, 51.692762356159903 ], [ 48.702381626181023, 50.605128485712839 ], [ 48.57784142435753, 49.874759629915673 ], [ 47.549480421749308, 50.454698391311126 ], [ 46.46644575377627, 48.39415233010493 ], [ 48.05725, 47.74377 ], [ 49.101160000000107, 46.399330000000134 ] ] ], [ [ [ 91.18107, 80.34146 ], [ 95.940895, 81.2504 ], [ 100.186655, 79.780135 ], [ 99.93976, 78.88094 ], [ 97.75794, 78.7562 ], [ 93.31288, 79.4265 ], [ 92.5454, 80.14379 ], [ 91.18107, 80.34146 ] ] ], [ [ [ 101.2649, 79.23399 ], [ 105.37243, 78.71334 ], [ 105.07547, 78.30689 ], [ 99.43814, 77.921 ], [ 101.2649, 79.23399 ] ] ], [ [ [ 137.51176, 75.94917 ], [ 141.471615, 76.09289 ], [ 145.086285, 75.562625 ], [ 144.3, 74.82 ], [ 138.95544, 74.61148 ], [ 136.97439, 75.26167 ], [ 137.51176, 75.94917 ] ] ], [ [ [ 146.11919, 75.17298 ], [ 150.73167, 75.08406 ], [ 149.575925, 74.68892 ], [ 146.11919, 75.17298 ] ] ], [ [ [ 139.86312, 73.36983 ], [ 142.06207, 73.85758 ], [ 143.60385, 73.21244 ], [ 142.08763, 73.20544 ], [ 139.86312, 73.36983 ] ] ], [ [ [ 44.846958042181143, 80.589809882317141 ], [ 50.039767693894618, 80.918885403151776 ], [ 51.522932977103665, 80.699725653801934 ], [ 47.586119012244183, 80.010181179515328 ], [ 46.502825962109632, 80.247246812654296 ], [ 47.072455275262939, 80.559424140129508 ], [ 44.846958042181143, 80.589809882317141 ] ] ], [ [ [ 22.731098667092652, 54.327536932993326 ], [ 20.892244500418627, 54.312524929412533 ], [ 19.660640089606403, 54.426083889373928 ], [ 21.268448927503467, 55.190481675835315 ], [ 22.757763706155259, 54.85657440858138 ], [ 22.731098667092652, 54.327536932993326 ] ] ], [ [ [ 53.50828982932515, 73.749813951300197 ], [ 55.902458937407658, 74.627486477345357 ], [ 55.631932814359686, 75.081412258597183 ], [ 61.170044386647476, 76.251883450008123 ], [ 68.157059767534804, 76.939696763812933 ], [ 68.852211134725081, 76.544811306454605 ], [ 58.477082147053352, 74.309056301562848 ], [ 55.419335971910925, 72.371267605266027 ], [ 55.622837762276333, 71.540594794390316 ], [ 57.535692579992315, 70.720463975702117 ], [ 53.677375115784173, 70.762657782668455 ], [ 51.601894565645665, 71.474759019650449 ], [ 51.455753615124216, 72.014881089965129 ], [ 52.478275180883543, 72.229441636840974 ], [ 52.444168735570877, 72.774731350384812 ], [ 54.427613559797578, 73.6275475124976 ], [ 53.50828982932515, 73.749813951300197 ] ] ], [ [ [ 142.654786411713019, 54.365880845753892 ], [ 143.235267775647628, 51.756660264688762 ], [ 144.65414757708561, 48.976390692737539 ], [ 143.173927850517202, 49.306551418650315 ], [ 142.558668247650132, 47.861575018904951 ], [ 143.533492466404027, 46.836728013692522 ], [ 143.505277134372648, 46.137907619809525 ], [ 142.747700636973832, 46.740764878926512 ], [ 142.092030064054541, 45.966755276058834 ], [ 142.179983351815281, 50.952342434281903 ], [ 141.594075962490024, 51.9354348822025 ], [ 141.682546014573688, 53.301966457728795 ], [ 142.606934035410745, 53.762145087287934 ], [ 142.209748976815433, 54.225475979216874 ], [ 142.654786411713019, 54.365880845753892 ] ] ], [ [ [ -174.92825, 67.20589 ], [ -175.01425, 66.58435 ], [ -174.33983, 66.33556 ], [ -174.57182, 67.06219 ], [ -171.85731, 66.91308 ], [ -169.89958, 65.97724 ], [ -172.53025, 65.43791 ], [ -172.95533, 64.25269 ], [ -176.20716, 65.35667 ], [ -178.35993, 65.39052 ], [ -178.90332, 65.74044 ], [ -178.68611, 66.11211 ], [ -179.88377, 65.87456 ], [ -179.43268, 65.40411 ], [ -180.0, 64.979708702198394 ], [ -180.0, 68.963636363636354 ], [ -174.92825, 67.20589 ] ] ], [ [ [ -177.577945, 71.26948 ], [ -180.0, 70.832199208546726 ], [ -180.0, 71.515714336428275 ], [ -177.577945, 71.26948 ] ] ], [ [ [ 32.454174432105503, 45.327466132176085 ], [ 33.69946184910907, 46.219572831556434 ], [ 36.529997999830186, 45.46998973243717 ], [ 33.882511020652885, 44.361478583344194 ], [ 33.326420932760129, 44.564877020844904 ], [ 33.546924269349404, 45.034770819674861 ], [ 32.454174432105503, 45.327466132176085 ] ] ] ] } },
{ "type": "Feature", "properties": { "pop_est": 329988, "continent": "North America", "name": "Bahamas", "iso_a3": "BHS", "gdp_md_est": 9066.0 }, "geometry": { "type": "MultiPolygon", "coordinates": [ [ [ [ -78.98, 26.79 ], [ -77.85, 26.84 ], [ -77.82, 26.58 ], [ -78.91, 26.42 ], [ -78.98, 26.79 ] ] ], [ [ [ -77.79, 27.04 ], [ -77.0, 26.59 ], [ -77.17255, 25.87918 ], [ -77.34, 26.53 ], [ -77.79, 27.04 ] ] ], [ [ [ -78.40848, 24.57564 ], [ -77.89, 25.17 ], [ -77.53466, 23.75975 ], [ -78.40848, 24.57564 ] ] ] ] } },
{ "type": "Feature", "properties": { "pop_est": 2931, "continent": "South America", "name": "Falkland Is.", "iso_a3": "FLK", "gdp_md_est": 281.8 }, "geometry": { "type": "Polygon", "coordinates": [ [ [ -61.2, -51.85 ], [ -58.55, -51.1 ], [ -57.75, -51.55 ], [ -59.4, -52.2 ], [ -61.2, -51.85 ] ] ] } },
{ "type": "Feature", "properties": { "pop_est": 5320045, "continent": "Europe", "name": "Norway", "iso_a3": "-99", "gdp_md_est": 364700.0 }, "geometry": { "type": "MultiPolygon", "coordinates": [ [ [ [ 10.44453, 79.65239 ], [ 16.99085, 80.05086 ], [ 21.54383, 78.95611 ], [ 19.02737, 78.5626 ], [ 17.1182, 76.80941 ], [ 15.91315, 76.77045 ], [ 13.76259, 77.38035 ], [ 14.66956, 77.73565 ], [ 11.22231, 78.8693 ], [ 10.44453, 79.65239 ] ] ], [ [ [ 31.101042202597625, 69.558101088056219 ], [ 28.591929559043194, 69.064776923286658 ], [ 29.015572950971972, 69.766491197377988 ], [ 27.732292107867863, 70.164193020296253 ], [ 26.179622023226244, 69.825298977326142 ], [ 24.735679152126725, 68.64955678982146 ], [ 21.244936150810673, 69.370443020293081 ], [ 20.025268995857886, 69.065138658312705 ], [ 19.878559604581255, 68.407194322372575 ], [ 17.993868442464333, 68.567391262477358 ], [ 17.729181756265348, 68.010551866316277 ], [ 16.768878614985482, 68.013936672631402 ], [ 13.555689731509091, 64.787027696381514 ], [ 13.919905226302204, 64.44542064071608 ], [ 13.571916131248713, 64.04911408146971 ], [ 12.579935336973934, 64.066218980558332 ], [ 11.930569288794231, 63.128317572676977 ], [ 11.992064243221563, 61.80036245385655 ], [ 12.631146681375185, 61.293571682370136 ], [ 12.300365838274899, 60.117932847730032 ], [ 11.027368605196868, 58.856149400459358 ], [ 10.356556837616067, 59.469807033925356 ], [ 8.382000359743586, 58.313288479233215 ], [ 7.048748406613271, 58.078884182357285 ], [ 5.665835402050419, 58.588155422593701 ], [ 4.992078077828978, 61.970998033284317 ], [ 10.527709181366758, 64.486038316497499 ], [ 14.761145867581604, 67.810641587995164 ], [ 19.184028354578459, 69.817444159617779 ], [ 23.023742303161526, 70.202071845166202 ], [ 24.546543409938465, 71.030496731237221 ], [ 28.165547316202943, 71.185474351680554 ], [ 31.293418409965454, 70.453787746859902 ], [ 30.005435011522792, 70.186258856884891 ], [ 31.101042202597625, 69.558101088056219 ] ] ], [ [ [ 27.407505730913446, 80.056405748200419 ], [ 23.024465773213617, 79.400011705229034 ], [ 17.368015170977458, 80.318896186026976 ], [ 22.919252557067381, 80.657144273593431 ], [ 27.407505730913446, 80.056405748200419 ] ] ], [ [ [ 24.72412, 77.85385 ], [ 22.49032, 77.44493 ], [ 20.72601, 77.67704 ], [ 21.41611, 77.93504 ], [ 20.8119, 78.25463 ], [ 22.88426, 78.45494 ], [ 24.72412, 77.85385 ] ] ] ] } },
{ "type": "Feature", "properties": { "pop_est": 57713, "continent": "North America", "name": "Greenland", "iso_a3": "GRL", "gdp_md_est": 2173.0 }, "geometry": { "type": "Polygon", "coordinates": [ [ [ -46.76379, 82.62796 ], [ -38.62214, 83.54905 ], [ -27.10046, 83.51966 ], [ -20.84539, 82.72669 ], [ -31.9, 82.2 ], [ -22.07175, 81.73449 ], [ -23.16961, 81.15271 ], [ -15.76818, 81.91245 ], [ -12.20855, 81.29154 ], [ -20.04624, 80.17708 ], [ -17.73035, 80.12912 ], [ -19.70499, 78.75128 ], [ -19.67353, 77.63859 ], [ -18.47285, 76.98565 ], [ -21.67944, 76.62795 ], [ -19.83407, 76.09808 ], [ -19.59896, 75.24838 ], [ -20.66818, 75.15585 ], [ -19.37281, 74.29561 ], [ -21.59422, 74.22382 ], [ -20.43454, 73.81713 ], [ -20.76234, 73.46436 ], [ -23.56593, 73.30663 ], [ -22.29954, 72.18409 ], [ -24.79296, 72.3302 ], [ -22.13281, 71.46898 ], [ -21.75356, 70.66369 ], [ -23.53603, 70.471 ], [ -25.54341, 71.43094 ], [ -25.20135, 70.75226 ], [ -26.36276, 70.22646 ], [ -22.34902, 70.12946 ], [ -27.74737, 68.47046 ], [ -31.77665, 68.12078 ], [ -34.20196, 66.67974 ], [ -39.81222, 65.45848 ], [ -41.1887, 63.48246 ], [ -42.81938, 62.68233 ], [ -42.41666, 61.90093 ], [ -43.3784, 60.09772 ], [ -48.26294, 60.85843 ], [ -51.63325, 63.62691 ], [ -52.27659, 65.1767 ], [ -53.66166, 66.09957 ], [ -53.30161, 66.8365 ], [ -53.96911, 67.18899 ], [ -52.9804, 68.35759 ], [ -51.47536, 68.72958 ], [ -50.87122, 69.9291 ], [ -53.45629, 69.283625 ], [ -54.68336, 69.61003 ], [ -54.35884, 70.821315 ], [ -51.39014, 70.56978 ], [ -55.83468, 71.65444 ], [ -54.71819, 72.58625 ], [ -58.58516, 75.51727 ], [ -61.26861, 76.10238 ], [ -68.50438, 76.06141 ], [ -71.40257, 77.00857 ], [ -66.76397, 77.37595 ], [ -73.297, 78.04419 ], [ -73.15938, 78.43271 ], [ -65.7107, 79.39436 ], [ -65.3239, 79.75814 ], [ -68.02298, 80.11721 ], [ -62.23444, 81.3211 ], [ -62.65116, 81.77042 ], [ -57.20744, 82.19074 ], [ -53.04328, 81.88833 ], [ -50.39061, 82.43883 ], [ -44.523, 81.6607 ], [ -46.9007, 82.19979 ], [ -46.76379, 82.62796 ] ] ] } },
{ "type": "Feature", "properties": { "pop_est": 140, "continent": "Seven seas (open ocean)", "name": "Fr. S. Antarctic Lands", "iso_a3": "ATF", "gdp_md_est": 16.0 }, "geometry": { "type": "Polygon", "coordinates": [ [ [ 68.935, -48.625 ], [ 70.525, -49.065 ], [ 70.56, -49.255 ], [ 70.28, -49.71 ], [ 68.745, -49.775 ], [ 68.935, -48.625 ] ] ] } },
{ "type": "Feature", "properties": { "pop_est": 1291358, "continent": "Asia", "name": "Timor-Leste", "iso_a3": "TLS", "gdp_md_est": 4975.0 }, "geometry": { "type": "Polygon", "coordinates": [ [ [ 124.968682489116233, -8.892790215697083 ], [ 125.947072381698263, -8.432094821815035 ], [ 127.33592817597463, -8.397316582882603 ], [ 125.088520135601087, -9.393173109579294 ], [ 124.968682489116233, -8.892790215697083 ] ] ] } },
{ "type": "Feature", "properties": { "pop_est": 54841552, "continent": "Africa", "name": "South Africa", "iso_a3": "ZAF", "gdp_md_est": 739100.0 }, "geometry": { "type": "Polygon", "coordinates": [ [ [ 16.344976840895242, -28.576705010697701 ], [ 16.824017368240902, -28.08216155366447 ], [ 18.464899122804752, -29.045461928017279 ], [ 19.894734327888614, -28.461104831660776 ], [ 19.895767856534434, -24.767790215760591 ], [ 20.889609002371738, -26.828542982695915 ], [ 21.605896030369394, -26.726533705351756 ], [ 23.312096795350186, -25.26868987396572 ], [ 25.664666375437719, -25.486816094669713 ], [ 27.119409620886245, -23.574323011979775 ], [ 29.43218834810904, -22.091312758067588 ], [ 31.191409132621288, -22.251509698172399 ], [ 31.930588820124253, -24.369416599222539 ], [ 31.83777794772806, -25.843331801051349 ], [ 31.044079624157149, -25.731452325139443 ], [ 30.68596194837448, -26.743845310169533 ], [ 31.282773064913329, -27.285879408478998 ], [ 32.830120477028885, -26.742191664336197 ], [ 32.203388706193039, -28.752404880490069 ], [ 28.2197558936771, -32.771952813448856 ], [ 25.780628289500697, -33.944646091448341 ], [ 22.574157342222236, -33.864082533505311 ], [ 20.071261020597632, -34.795136814107991 ], [ 18.377410922934615, -34.136520684548067 ], [ 17.925190463948439, -32.611290785453427 ], [ 18.221761508871481, -31.661632989225669 ], [ 16.344976840895242, -28.576705010697701 ] ], [ [ 29.325166456832591, -29.257386976846256 ], [ 28.074338413207784, -28.851468601193588 ], [ 26.999261915807637, -29.875953871379984 ], [ 28.107204624145425, -30.545732110314951 ], [ 29.325166456832591, -29.257386976846256 ] ] ] } },
{ "type": "Feature", "properties": { "pop_est": 1958042, "continent": "Africa", "name": "Lesotho", "iso_a3": "LSO", "gdp_md_est": 6019.0 }, "geometry": { "type": "Polygon", "coordinates": [ [ [ 28.074338413207784, -28.851468601193588 ], [ 29.325166456832591, -29.257386976846256 ], [ 28.107204624145425, -30.545732110314951 ], [ 26.999261915807637, -29.875953871379984 ], [ 28.074338413207784, -28.851468601193588 ] ] ] } },
{ "type": "Feature", "properties": { "pop_est": 124574795, "continent": "North America", "name": "Mexico", "iso_a3": "MEX", "gdp_md_est": 2307000.0 }, "geometry": { "type": "Polygon", "coordinates": [ [ [ -117.127759999999853, 32.53534 ], [ -114.72139, 32.72083 ], [ -111.02361, 31.33472 ], [ -106.50758999999988, 31.75452 ], [ -103.94, 29.27 ], [ -103.11, 28.97 ], [ -102.48, 29.76 ], [ -101.6624, 29.7793 ], [ -99.02, 26.37 ], [ -97.140008307670712, 25.869997463478398 ], [ -97.872366706111109, 22.44421173755336 ], [ -95.900884975959968, 18.82802419684873 ], [ -94.425729539756219, 18.144370835843347 ], [ -91.407903408559264, 18.87608327888023 ], [ -90.771869879910867, 19.284120388256781 ], [ -90.278618333684904, 20.999855454995554 ], [ -87.051890224948067, 21.543543199138298 ], [ -86.845907965832623, 20.849864610268355 ], [ -87.837191128271513, 18.25981598558343 ], [ -91.001519945015957, 17.81759491624571 ], [ -91.002269253284211, 17.25465770107418 ], [ -91.453921271515156, 17.252177232324172 ], [ -90.464472622422662, 16.069562079324655 ], [ -91.747960171255954, 16.066564846251765 ], [ -92.227750006869826, 14.538828640190928 ], [ -93.875168830118525, 15.940164292865916 ], [ -96.557434048228288, 15.653515122942792 ], [ -103.500989549558085, 18.292294623278849 ], [ -105.49303849976144, 19.946767279535436 ], [ -105.265817226974036, 21.422103583252351 ], [ -106.028716396898972, 22.773752346278627 ], [ -112.228234626090398, 28.954408677683489 ], [ -113.14866939985717, 31.170965887978923 ], [ -114.776451178835032, 31.79953217216115 ], [ -114.936699795372135, 31.393484605427602 ], [ -114.673899298951767, 30.162681179315996 ], [ -111.616489020619213, 26.662817287700477 ], [ -110.655048997828885, 24.298594672131117 ], [ -109.409104377055712, 23.364672349536249 ], [ -109.854219326601708, 22.818271592698068 ], [ -112.182035895621482, 24.738412787367167 ], [ -112.300710822379699, 26.012004299416617 ], [ -115.055142178185008, 27.722726752222911 ], [ -114.162018398884641, 28.566111965442303 ], [ -115.518653937626993, 29.556361599235402 ], [ -117.127759999999853, 32.53534 ] ] ] } },
{ "type": "Feature", "properties": { "pop_est": 3360148, "continent": "South America", "name": "Uruguay", "iso_a3": "URY", "gdp_md_est": 73250.0 }, "geometry": { "type": "Polygon", "coordinates": [ [ [ -57.625133429582959, -30.216294854454262 ], [ -56.976025763564735, -30.109686374636127 ], [ -53.787951626182192, -32.047242526987624 ], [ -53.209588995971544, -32.727666110974724 ], [ -53.806425950726535, -34.396814874002231 ], [ -56.215297003796067, -34.859835707337417 ], [ -58.427074144104388, -33.909454441057576 ], [ -57.625133429582959, -30.216294854454262 ] ] ] } },
{ "type": "Feature", "properties": { "pop_est": 207353391, "continent": "South America", "name": "Brazil", "iso_a3": "BRA", "gdp_md_est": 3081000.0 }, "geometry": { "type": "Polygon", "coordinates": [ [ [ -53.373661668498244, -33.768377780900764 ], [ -53.650543992718099, -33.20200408298183 ], [ -53.209588995971544, -32.727666110974724 ], [ -53.787951626182192, -32.047242526987624 ], [ -56.976025763564735, -30.109686374636127 ], [ -57.625133429582959, -30.216294854454262 ], [ -53.648735317587892, -26.92347258881609 ], [ -53.628348965048744, -26.124865004177472 ], [ -54.13004960795439, -25.547639255477254 ], [ -54.625290696823576, -25.739255466415514 ], [ -54.292959560754518, -24.021014092710729 ], [ -55.400747239795422, -23.956935316668805 ], [ -55.797958136606908, -22.356929620047822 ], [ -57.937155727761294, -22.090175876557172 ], [ -58.166392381408045, -20.176700941653678 ], [ -57.498371141170992, -18.174187513911292 ], [ -58.280804002502251, -17.271710300366017 ], [ -58.24121985536668, -16.299573256091293 ], [ -60.158389655179036, -16.258283786690086 ], [ -60.503304002511136, -13.775954685117659 ], [ -64.316352912031604, -12.461978041232193 ], [ -65.402281460213032, -11.566270440317155 ], [ -65.338435228116424, -9.761987806846392 ], [ -66.646908331962806, -9.931331475466862 ], [ -68.271253628193264, -11.014521172736821 ], [ -70.548685675728407, -11.009146823778465 ], [ -70.481893886991173, -9.490118096558845 ], [ -72.18489071316985, -10.053597914269432 ], [ -73.226713426390162, -9.462212823121234 ], [ -73.015382656532552, -9.032833347208062 ], [ -73.987235480429661, -7.523829847853065 ], [ -73.120027431923603, -6.629930922068239 ], [ -72.891927659787257, -5.274561455916981 ], [ -69.893635219996625, -4.298186944194327 ], [ -69.420485805932231, -1.122618503426409 ], [ -70.015565761989308, 0.541414292804205 ], [ -69.21863766140018, 0.985676581217433 ], [ -69.80459672715773, 1.089081122233466 ], [ -69.816973232691623, 1.714805202639624 ], [ -67.537810024674698, 2.03716278727633 ], [ -67.065048183852497, 1.130112209473225 ], [ -65.548267381437569, 0.78925446207603 ], [ -63.368788011311665, 2.200899562993129 ], [ -64.269999152265797, 2.497005520025567 ], [ -64.816064012294021, 4.056445217297423 ], [ -63.093197597899106, 3.770571193858785 ], [ -60.966893276601539, 4.536467596856639 ], [ -60.733574184803722, 5.200277207861901 ], [ -59.980958624904886, 5.014061184098139 ], [ -59.538039923731233, 3.958802598481938 ], [ -59.974524909084558, 2.755232652188056 ], [ -59.030861579002647, 1.317697658692722 ], [ -55.995698004771754, 1.817667141116601 ], [ -55.973322109589375, 2.510363877773017 ], [ -52.939657151894956, 2.124857692875636 ], [ -51.317146369010857, 4.203490505383954 ], [ -50.508875291533656, 1.901563828942457 ], [ -49.974075893745059, 1.736483465986069 ], [ -50.699251268096916, 0.222984117021682 ], [ -50.388210822132137, -0.078444512536819 ], [ -48.62056677915632, -0.235489190271821 ], [ -48.584496629416591, -1.237805271005001 ], [ -47.824956427590635, -0.5816179337628 ], [ -44.905703090990414, -1.551739597178134 ], [ -44.581588507655781, -2.691308282078524 ], [ -43.418791266440195, -2.383110039889793 ], [ -39.978665330554037, -2.873054294449041 ], [ -37.2232521225352, -4.820945733258917 ], [ -35.597795783010469, -5.149504489770649 ], [ -34.729993455533034, -7.343220716992967 ], [ -35.128212042774223, -8.996401462442286 ], [ -38.673887091616521, -13.057652276260619 ], [ -39.267339240056401, -17.867746270420483 ], [ -40.944756232250612, -21.937316989837811 ], [ -41.98828426773656, -22.970070489190896 ], [ -44.647811855637812, -23.351959323827842 ], [ -47.648972337420659, -24.885199069927722 ], [ -48.495458136577703, -25.877024834905654 ], [ -48.8884574041574, -28.674115085567884 ], [ -53.373661668498244, -33.768377780900764 ] ] ] } },
{ "type": "Feature", "properties": { "pop_est": 11138234, "continent": "South America", "name": "Bolivia", "iso_a3": "BOL", "gdp_md_est": 78350.0 }, "geometry": { "type": "Polygon", "coordinates": [ [ [ -69.529678107364958, -10.951734307502194 ], [ -68.271253628193264, -11.014521172736821 ], [ -66.646908331962806, -9.931331475466862 ], [ -65.338435228116424, -9.761987806846392 ], [ -65.402281460213032, -11.566270440317155 ], [ -64.316352912031604, -12.461978041232193 ], [ -60.503304002511136, -13.775954685117659 ], [ -60.158389655179036, -16.258283786690086 ], [ -58.24121985536668, -16.299573256091293 ], [ -58.280804002502251, -17.271710300366017 ], [ -57.498371141170992, -18.174187513911292 ], [ -57.853801642474508, -19.969995212486189 ], [ -59.115042487206111, -19.356906019775401 ], [ -61.786326463453769, -19.633736667562964 ], [ -62.685057135657885, -22.249029229422387 ], [ -63.986838141522476, -21.99364430103595 ], [ -64.377021043542257, -22.79809132252354 ], [ -64.964892137294612, -22.075861504812327 ], [ -66.273339402924847, -21.83231047942072 ], [ -67.828179897722734, -22.872918796482175 ], [ -68.757167121033746, -20.372657972904463 ], [ -68.442225104430918, -19.405068454671429 ], [ -69.59042375352405, -17.580011895419332 ], [ -68.959635382753305, -16.50069793057127 ], [ -69.339534674747014, -14.953195489158832 ], [ -68.665079718689626, -12.561300144097173 ], [ -69.529678107364958, -10.951734307502194 ] ] ] } },
{ "type": "Feature", "properties": { "pop_est": 31036656, "continent": "South America", "name": "Peru", "iso_a3": "PER", "gdp_md_est": 410400.0 }, "geometry": { "type": "Polygon", "coordinates": [ [ [ -69.893635219996625, -4.298186944194327 ], [ -72.891927659787257, -5.274561455916981 ], [ -73.120027431923603, -6.629930922068239 ], [ -73.987235480429661, -7.523829847853065 ], [ -73.015382656532552, -9.032833347208062 ], [ -73.226713426390162, -9.462212823121234 ], [ -72.18489071316985, -10.053597914269432 ], [ -70.481893886991173, -9.490118096558845 ], [ -70.548685675728407, -11.009146823778465 ], [ -69.529678107364958, -10.951734307502194 ], [ -68.665079718689626, -12.561300144097173 ], [ -69.339534674747014, -14.953195489158832 ], [ -68.959635382753305, -16.50069793057127 ], [ -70.372572394477714, -18.347975355708869 ], [ -76.009205084929945, -14.649286390850321 ], [ -79.760578172510051, -7.194340915560084 ], [ -81.249996304026425, -6.136834405139183 ], [ -80.926346808582437, -5.690556735866565 ], [ -81.410942552399462, -4.736764825055459 ], [ -80.302560594387216, -3.404856459164713 ], [ -80.442241990872162, -4.425724379090674 ], [ -79.205289069317729, -4.959128513207389 ], [ -78.639897223612337, -4.547784112164074 ], [ -77.837904832658609, -3.003020521663103 ], [ -75.544995693652041, -1.56160979574588 ], [ -75.106624518520078, -0.05720549886486 ], [ -73.070392218707241, -2.308954359550953 ], [ -70.813475714791963, -2.256864515800743 ], [ -70.047708502874855, -2.725156345229699 ], [ -70.692682054309714, -3.742872002785859 ], [ -69.893635219996625, -4.298186944194327 ] ] ] } },
{ "type": "Feature", "properties": { "pop_est": 47698524, "continent": "South America", "name": "Colombia", "iso_a3": "COL", "gdp_md_est": 688000.0 }, "geometry": { "type": "Polygon", "coordinates": [ [ [ -66.87632585312258, 1.253360500489336 ], [ -67.537810024674698, 2.03716278727633 ], [ -69.816973232691623, 1.714805202639624 ], [ -69.80459672715773, 1.089081122233466 ], [ -69.21863766140018, 0.985676581217433 ], [ -70.015565761989308, 0.541414292804205 ], [ -69.420485805932231, -1.122618503426409 ], [ -69.893635219996625, -4.298186944194327 ], [ -70.692682054309714, -3.742872002785859 ], [ -70.047708502874855, -2.725156345229699 ], [ -70.813475714791963, -2.256864515800743 ], [ -73.070392218707241, -2.308954359550953 ], [ -75.106624518520078, -0.05720549886486 ], [ -77.424984300430395, 0.395686753741117 ], [ -78.99093522817104, 1.691369940595251 ], [ -77.12768978545526, 3.849636135265357 ], [ -77.881571417945253, 7.223771267114785 ], [ -77.242566494440084, 7.935278225125444 ], [ -77.474722866511328, 8.524286200388218 ], [ -75.674600185840063, 9.443248195834599 ], [ -74.906895107711989, 11.083044745320322 ], [ -73.414763963500292, 11.22701528568548 ], [ -71.399822353791706, 12.376040757695293 ], [ -71.331583624950298, 11.776284084515808 ], [ -72.905286017534706, 10.450344346554772 ], [ -73.304951544880055, 9.151999823437606 ], [ -72.788729824500393, 9.085027167187334 ], [ -71.960175747348643, 6.991614895043539 ], [ -70.093312954372422, 6.96037649172311 ], [ -69.389479946557117, 6.099860541198836 ], [ -67.341439581965574, 6.095468044454023 ], [ -67.823012254493548, 4.503937282728899 ], [ -67.303173183853445, 3.31845408773718 ], [ -67.809938117123707, 2.820655015469569 ], [ -66.87632585312258, 1.253360500489336 ] ] ] } },
{ "type": "Feature", "properties": { "pop_est": 3753142, "continent": "North America", "name": "Panama", "iso_a3": "PAN", "gdp_md_est": 93120.0 }, "geometry": { "type": "Polygon", "coordinates": [ [ [ -77.353360765273862, 8.67050466555807 ], [ -77.242566494440084, 7.935278225125444 ], [ -77.881571417945253, 7.223771267114785 ], [ -78.182095709938636, 8.319182440621773 ], [ -79.120307176413746, 8.996092027213024 ], [ -80.382659064439622, 8.298408514840432 ], [ -80.003689948227162, 7.547524115423372 ], [ -80.886400926420805, 7.220541490096537 ], [ -81.721311204744467, 8.108962714058435 ], [ -82.850958014644817, 8.073822740099956 ], [ -82.932890998043575, 9.476812038608173 ], [ -81.439287075511544, 8.786234035675719 ], [ -79.021191779277927, 9.552931423374105 ], [ -77.353360765273862, 8.67050466555807 ] ] ] } },
{ "type": "Feature", "properties": { "pop_est": 4930258, "continent": "North America", "name": "Costa Rica", "iso_a3": "CRI", "gdp_md_est": 79260.0 }, "geometry": { "type": "Polygon", "coordinates": [ [ [ -82.546196255203483, 9.566134751824677 ], [ -82.965783047197363, 8.225027980985985 ], [ -84.975660366541334, 10.086723130733006 ], [ -85.11092342806532, 9.55703969974131 ], [ -85.66078650586698, 9.933347479690724 ], [ -85.941725430021762, 10.895278428587801 ], [ -83.655611741861577, 10.938764146361422 ], [ -82.546196255203483, 9.566134751824677 ] ] ] } },
{ "type": "Feature", "properties": { "pop_est": 6025951, "continent": "North America", "name": "Nicaragua", "iso_a3": "NIC", "gdp_md_est": 33550.0 }, "geometry": { "type": "Polygon", "coordinates": [ [ [ -83.655611741861577, 10.938764146361422 ], [ -85.712540452807303, 11.088444932494824 ], [ -87.668493415054712, 12.909909979702633 ], [ -84.924500698572402, 14.79049286545235 ], [ -83.147219000974133, 14.995829169164111 ], [ -83.655611741861577, 10.938764146361422 ] ] ] } },
{ "type": "Feature", "properties": { "pop_est": 9038741, "continent": "North America", "name": "Honduras", "iso_a3": "HND", "gdp_md_est": 43190.0 }, "geometry": { "type": "Polygon", "coordinates": [ [ [ -83.147219000974133, 14.995829169164111 ], [ -84.924500698572402, 14.79049286545235 ], [ -87.316654425795491, 12.984685777228975 ], [ -87.859515347021613, 13.893312486217098 ], [ -89.353325975282814, 14.424132798719086 ], [ -87.901812506852423, 15.864458319558196 ], [ -84.983721889978824, 15.995923163308703 ], [ -83.147219000974133, 14.995829169164111 ] ] ] } },
{ "type": "Feature", "properties": { "pop_est": 6172011, "continent": "North America", "name": "El Salvador", "iso_a3": "SLV", "gdp_md_est": 54790.0 }, "geometry": { "type": "Polygon", "coordinates": [ [ [ -89.353325975282814, 14.424132798719086 ], [ -87.723502977229401, 13.785050360565506 ], [ -87.904112108089521, 13.149016831917137 ], [ -90.095554572290979, 13.735337632700734 ], [ -89.353325975282814, 14.424132798719086 ] ] ] } },
{ "type": "Feature", "properties": { "pop_est": 15460732, "continent": "North America", "name": "Guatemala", "iso_a3": "GTM", "gdp_md_est": 131800.0 }, "geometry": { "type": "Polygon", "coordinates": [ [ [ -92.227750006869826, 14.538828640190928 ], [ -91.747960171255954, 16.066564846251765 ], [ -90.464472622422662, 16.069562079324655 ], [ -91.453921271515156, 17.252177232324172 ], [ -91.002269253284211, 17.25465770107418 ], [ -91.001519945015957, 17.81759491624571 ], [ -89.14308041050333, 17.808318996649405 ], [ -89.229121670269279, 15.886937567605171 ], [ -88.225022752622024, 15.727722479713904 ], [ -89.353325975282814, 14.424132798719086 ], [ -90.095554572290979, 13.735337632700734 ], [ -92.227750006869826, 14.538828640190928 ] ] ] } },
{ "type": "Feature", "properties": { "pop_est": 360346, "continent": "North America", "name": "Belize", "iso_a3": "BLZ", "gdp_md_est": 3088.0 }, "geometry": { "type": "Polygon", "coordinates": [ [ [ -89.14308041050333, 17.808318996649405 ], [ -88.106812913754382, 18.348673610909287 ], [ -88.930612759135272, 15.887273464415076 ], [ -89.229121670269279, 15.886937567605171 ], [ -89.14308041050333, 17.808318996649405 ] ] ] } },
{ "type": "Feature", "properties": { "pop_est": 31304016, "continent": "South America", "name": "Venezuela", "iso_a3": "VEN", "gdp_md_est": 468600.0 }, "geometry": { "type": "Polygon", "coordinates": [ [ [ -60.733574184803722, 5.200277207861901 ], [ -60.966893276601539, 4.536467596856639 ], [ -63.093197597899106, 3.770571193858785 ], [ -64.816064012294021, 4.056445217297423 ], [ -64.269999152265797, 2.497005520025567 ], [ -63.368788011311665, 2.200899562993129 ], [ -66.325765143484958, 0.724452215982012 ], [ -67.809938117123707, 2.820655015469569 ], [ -67.303173183853445, 3.31845408773718 ], [ -67.823012254493548, 4.503937282728899 ], [ -67.341439581965574, 6.095468044454023 ], [ -69.389479946557117, 6.099860541198836 ], [ -70.093312954372422, 6.96037649172311 ], [ -71.960175747348643, 6.991614895043539 ], [ -72.788729824500393, 9.085027167187334 ], [ -73.304951544880055, 9.151999823437606 ], [ -72.905286017534706, 10.450344346554772 ], [ -71.973921678338286, 11.60867157637712 ], [ -71.331583624950298, 11.776284084515808 ], [ -71.947049933546509, 11.423282375530022 ], [ -71.633063930941091, 10.446494452349029 ], [ -72.074173956984509, 9.865651353388373 ], [ -71.264559292267734, 9.137194525585983 ], [ -71.400623338492238, 10.968969021036015 ], [ -70.155298834906517, 11.375481675660041 ], [ -69.943244594996827, 12.162307033736099 ], [ -68.194126552997631, 10.554653225135922 ], [ -66.227864142507997, 10.648626817258688 ], [ -64.89045223657817, 10.077214667191299 ], [ -64.318006557864948, 10.64141795495398 ], [ -61.880946010980196, 10.715625311725104 ], [ -62.730118984616411, 10.420268662960906 ], [ -59.758284878159195, 8.367034816924047 ], [ -61.410302903881956, 5.959068101419618 ], [ -60.733574184803722, 5.200277207861901 ] ] ] } },
{ "type": "Feature", "properties": { "pop_est": 737718, "continent": "South America", "name": "Guyana", "iso_a3": "GUY", "gdp_md_est": 6093.0 }, "geometry": { "type": "Polygon", "coordinates": [ [ [ -56.539385748914555, 1.899522609866921 ], [ -58.540012986878295, 1.268088283692521 ], [ -59.646043667221257, 1.786893825686789 ], [ -59.980958624904886, 5.014061184098139 ], [ -61.410302903881956, 5.959068101419618 ], [ -59.758284878159195, 8.367034816924047 ], [ -57.147436489476888, 5.973149929219161 ], [ -58.044694383360678, 4.060863552258382 ], [ -56.539385748914555, 1.899522609866921 ] ] ] } },
{ "type": "Feature", "properties": { "pop_est": 591919, "continent": "South America", "name": "Suriname", "iso_a3": "SUR", "gdp_md_est": 8547.0 }, "geometry": { "type": "Polygon", "coordinates": [ [ [ -54.524754197799716, 2.311848863123785 ], [ -55.973322109589375, 2.510363877773017 ], [ -55.995698004771754, 1.817667141116601 ], [ -56.539385748914555, 1.899522609866921 ], [ -57.60156897645787, 3.334654649260685 ], [ -58.044694383360678, 4.060863552258382 ], [ -57.147436489476888, 5.973149929219161 ], [ -53.958044603070903, 5.756548163267765 ], [ -54.478632981979231, 4.896755682795586 ], [ -54.006930508019011, 3.620037746592558 ], [ -54.524754197799716, 2.311848863123785 ] ] ] } },
{ "type": "Feature", "properties": { "pop_est": 67106161, "continent": "Europe", "name": "France", "iso_a3": "-99", "gdp_md_est": 2699000.0 }, "geometry": { "type": "MultiPolygon", "coordinates": [ [ [ [ -51.657797410678889, 4.156232408053029 ], [ -52.939657151894956, 2.124857692875636 ], [ -54.524754197799716, 2.311848863123785 ], [ -54.006930508019011, 3.620037746592558 ], [ -54.478632981979231, 4.896755682795586 ], [ -53.958044603070903, 5.756548163267765 ], [ -51.657797410678889, 4.156232408053029 ] ] ], [ [ [ 4.286022983425084, 49.907496649772554 ], [ 8.099278598674744, 49.01778351500333 ], [ 7.466759067422231, 47.620581976911808 ], [ 6.037388950229001, 46.725778713561866 ], [ 6.843592970414505, 45.991146552100609 ], [ 7.435184767291872, 43.693844916349221 ], [ 6.52924523278304, 43.128892320318315 ], [ 3.100410597352663, 43.075200507167054 ], [ 2.985998976258458, 42.473015041669861 ], [ 1.826793247087153, 42.343384711265692 ], [ -1.901351284177764, 43.422802028978339 ], [ -1.193797573237418, 46.014917710954862 ], [ -2.963276129559603, 47.570326646507951 ], [ -4.491554938159481, 47.954954332056374 ], [ -4.592349819344776, 48.68416046812699 ], [ -1.616510789384961, 48.644421291694542 ], [ -1.933494025063311, 49.776341864615745 ], [ -0.98946895995536, 49.347375800160911 ], [ 1.338761020522696, 50.127173163445264 ], [ 1.6390010921385, 50.9466063502975 ], [ 2.513573032246143, 51.148506171261829 ], [ 4.286022983425084, 49.907496649772554 ] ] ], [ [ [ 8.746009148807559, 42.628121853193917 ], [ 9.390000848028876, 43.00998484961471 ], [ 9.229752231491773, 41.380006822264455 ], [ 8.775723097375362, 41.583611965494427 ], [ 8.746009148807559, 42.628121853193917 ] ] ] ] } },
{ "type": "Feature", "properties": { "pop_est": 16290913, "continent": "South America", "name": "Ecuador", "iso_a3": "ECU", "gdp_md_est": 182400.0 }, "geometry": { "type": "Polygon", "coordinates": [ [ [ -75.373223232713855, -0.15203175212045 ], [ -75.544995693652041, -1.56160979574588 ], [ -77.837904832658609, -3.003020521663103 ], [ -78.639897223612337, -4.547784112164074 ], [ -79.205289069317729, -4.959128513207389 ], [ -80.442241990872162, -4.425724379090674 ], [ -79.770293341780928, -2.65751189535964 ], [ -80.967765469064361, -2.246942640800704 ], [ -80.933659023751716, -1.057454522306358 ], [ -80.090609707342111, 0.768428859862397 ], [ -78.855258755188714, 1.380923773601822 ], [ -75.373223232713855, -0.15203175212045 ] ] ] } },
{ "type": "Feature", "properties": { "pop_est": 3351827, "continent": "North America", "name": "Puerto Rico", "iso_a3": "PRI", "gdp_md_est": 131000.0 }, "geometry": { "type": "Polygon", "coordinates": [ [ [ -67.10067908391774, 18.520601101144351 ], [ -65.591003790942949, 18.228034979723915 ], [ -67.184162360285271, 17.946553453030077 ], [ -67.10067908391774, 18.520601101144351 ] ] ] } },
{ "type": "Feature", "properties": { "pop_est": 2990561, "continent": "North America", "name": "Jamaica", "iso_a3": "JAM", "gdp_md_est": 25390.0 }, "geometry": { "type": "Polygon", "coordinates": [ [ [ -78.33771928578561, 18.225967922432233 ], [ -76.896618618462128, 18.400866807524082 ], [ -76.199658576141644, 17.886867173732966 ], [ -78.33771928578561, 18.225967922432233 ] ] ] } },
{ "type": "Feature", "properties": { "pop_est": 11147407, "continent": "North America", "name": "Cuba", "iso_a3": "CUB", "gdp_md_est": 132900.0 }, "geometry": { "type": "Polygon", "coordinates": [ [ [ -82.268151211257063, 23.188610744717707 ], [ -78.347434455056487, 22.512166246017088 ], [ -74.17802486845126, 20.284627793859741 ], [ -77.755480923153073, 19.855480861891877 ], [ -77.085108405246743, 20.413353786698792 ], [ -78.137292243141587, 20.739948838783434 ], [ -78.719866502584011, 21.598113511638434 ], [ -82.16999182811864, 22.387109279870753 ], [ -81.795001797192668, 22.636964830001958 ], [ -84.974911058273108, 21.89602814380109 ], [ -82.268151211257063, 23.188610744717707 ] ] ] } },
{ "type": "Feature", "properties": { "pop_est": 13805084, "continent": "Africa", "name": "Zimbabwe", "iso_a3": "ZWE", "gdp_md_est": 28330.0 }, "geometry": { "type": "Polygon", "coordinates": [ [ [ 31.191409132621288, -22.251509698172399 ], [ 28.021370070108617, -21.485975030200585 ], [ 25.264225701608012, -17.736539808831417 ], [ 27.044427117630732, -17.938026218337434 ], [ 28.947463413211267, -16.04305144619444 ], [ 30.27425581230511, -15.507786960515213 ], [ 32.847638787575846, -16.713398125884616 ], [ 32.65974327976258, -20.304290052982317 ], [ 31.191409132621288, -22.251509698172399 ] ] ] } },
{ "type": "Feature", "properties": { "pop_est": 2214858, "continent": "Africa", "name": "Botswana", "iso_a3": "BWA", "gdp_md_est": 35900.0 }, "geometry": { "type": "Polygon", "coordinates": [ [ [ 29.43218834810904, -22.091312758067588 ], [ 27.119409620886245, -23.574323011979775 ], [ 25.664666375437719, -25.486816094669713 ], [ 23.312096795350186, -25.26868987396572 ], [ 21.605896030369394, -26.726533705351756 ], [ 20.889609002371738, -26.828542982695915 ], [ 19.895767856534434, -24.767790215760591 ], [ 19.895457797940679, -21.849156996347869 ], [ 20.88113406747587, -21.814327080983148 ], [ 20.910641310314535, -18.252218926672022 ], [ 25.264225701608012, -17.736539808831417 ], [ 28.021370070108617, -21.485975030200585 ], [ 29.43218834810904, -22.091312758067588 ] ] ] } },
{ "type": "Feature", "properties": { "pop_est": 2484780, "continent": "Africa", "name": "Namibia", "iso_a3": "NAM", "gdp_md_est": 25990.0 }, "geometry": { "type": "Polygon", "coordinates": [ [ [ 19.895457797940679, -21.849156996347869 ], [ 19.894734327888614, -28.461104831660776 ], [ 18.464899122804752, -29.045461928017279 ], [ 16.824017368240902, -28.08216155366447 ], [ 16.344976840895242, -28.576705010697701 ], [ 15.210472446359461, -27.090955905874047 ], [ 14.257714064194175, -22.111208184499958 ], [ 11.734198846085121, -17.301889336824473 ], [ 13.462362094789967, -16.971211846588773 ], [ 14.05850141770901, -17.423380629142663 ], [ 18.263309360434164, -17.309950860262006 ], [ 21.377176141045567, -17.930636488519696 ], [ 24.033861525170778, -17.295843194246324 ], [ 25.076950310982259, -17.578823337476621 ], [ 23.579005568137717, -18.281261081620059 ], [ 23.196858351339301, -17.869038181227786 ], [ 20.910641310314535, -18.252218926672022 ], [ 20.88113406747587, -21.814327080983148 ], [ 19.895457797940679, -21.849156996347869 ] ] ] } },
{ "type": "Feature", "properties": { "pop_est": 14668522, "continent": "Africa", "name": "Senegal", "iso_a3": "SEN", "gdp_md_est": 39720.0 }, "geometry": { "type": "Polygon", "coordinates": [ [ [ -16.713728807023472, 13.594958604379855 ], [ -17.625042690490659, 14.729540513564073 ], [ -16.120690070041931, 16.455662543193384 ], [ -14.577347581428981, 16.598263658102809 ], [ -12.170750291380301, 14.616834214735505 ], [ -11.513942836950591, 12.442987575729418 ], [ -16.677451951554573, 12.384851589401052 ], [ -16.841524624081273, 13.151393947802561 ], [ -13.844963344772408, 13.505041612192002 ], [ -16.713728807023472, 13.594958604379855 ] ] ] } },
{ "type": "Feature", "properties": { "pop_est": 17885245, "continent": "Africa", "name": "Mali", "iso_a3": "MLI", "gdp_md_est": 38090.0 }, "geometry": { "type": "Polygon", "coordinates": [ [ [ -11.513942836950591, 12.442987575729418 ], [ -12.170750291380301, 14.616834214735505 ], [ -11.666078253617854, 15.388208319556298 ], [ -5.537744309908447, 15.501689764869257 ], [ -6.453786586930335, 24.956590684503425 ], [ -4.923337368174231, 24.974574082941 ], [ 3.1466610042539, 19.693578599521445 ], [ 3.158133172222705, 19.057364203360038 ], [ 4.267419467800039, 19.155265204336999 ], [ 4.270209995143802, 16.852227484601215 ], [ 3.638258904646477, 15.568119818580456 ], [ -1.066363491205664, 14.973815009007765 ], [ -4.006390753587226, 13.472485459848116 ], [ -5.220941941743121, 11.713858954307227 ], [ -5.404341599946974, 10.370736802609146 ], [ -8.029943610048619, 10.206534939001713 ], [ -9.127473517279583, 12.308060411015333 ], [ -10.165213792348837, 11.844083563682744 ], [ -11.513942836950591, 12.442987575729418 ] ] ] } },
{ "type": "Feature", "properties": { "pop_est": 3758571, "continent": "Africa", "name": "Mauritania", "iso_a3": "MRT", "gdp_md_est": 16710.0 }, "geometry": { "type": "Polygon", "coordinates": [ [ [ -17.063423224342571, 20.999752102130827 ], [ -12.929101935263532, 21.327070624267563 ], [ -12.874221564169575, 23.284832261645178 ], [ -11.937224493853321, 23.374594224536168 ], [ -11.969418911171161, 25.933352769468268 ], [ -8.6872936670174, 25.881056219988906 ], [ -8.684399786809053, 27.395744126896005 ], [ -4.923337368174231, 24.974574082941 ], [ -6.453786586930335, 24.956590684503425 ], [ -5.537744309908447, 15.501689764869257 ], [ -11.666078253617854, 15.388208319556298 ], [ -12.170750291380301, 14.616834214735505 ], [ -14.577347581428981, 16.598263658102809 ], [ -16.463098110407884, 16.13503611903846 ], [ -16.277838100641517, 20.092520656814699 ], [ -17.063423224342571, 20.999752102130827 ] ] ] } },
{ "type": "Feature", "properties": { "pop_est": 11038805, "continent": "Africa", "name": "Benin", "iso_a3": "BEN", "gdp_md_est": 24310.0 }, "geometry": { "type": "Polygon", "coordinates": [ [ [ 2.691701694356254, 6.258817246928629 ], [ 1.865240512712319, 6.142157701029731 ], [ 1.664477573258381, 9.128590399609379 ], [ 0.772335646171484, 10.470808213742359 ], [ 1.447178175471066, 11.547719224488858 ], [ 2.848643019226586, 12.235635891158211 ], [ 3.797112257511714, 10.734745591673105 ], [ 2.723792758809509, 8.506845404489709 ], [ 2.691701694356254, 6.258817246928629 ] ] ] } },
{ "type": "Feature", "properties": { "pop_est": 19245344, "continent": "Africa", "name": "Niger", "iso_a3": "NER", "gdp_md_est": 20150.0 }, "geometry": { "type": "Polygon", "coordinates": [ [ [ 14.8513, 22.862950000000126 ], [ 15.096887648181848, 21.308518785074909 ], [ 15.903246697664315, 20.387618923417506 ], [ 15.247731154041844, 16.627305813050782 ], [ 13.97217, 15.68437 ], [ 13.540393507550789, 14.367133693901224 ], [ 13.95447675950561, 13.353448798063766 ], [ 14.595781284247607, 13.330426947477861 ], [ 14.181336297266794, 12.483656927943116 ], [ 13.083987257548813, 13.596147162322495 ], [ 12.302071160540523, 13.037189032437524 ], [ 10.989593133191534, 13.387322699431195 ], [ 9.014933302454438, 12.826659247280418 ], [ 5.443058302440136, 13.865923977102227 ], [ 4.107945997747322, 13.531215725147831 ], [ 3.611180454125559, 11.660167141155968 ], [ 2.848643019226586, 12.235635891158211 ], [ 2.154473504249921, 11.940150051313339 ], [ 2.177107781593776, 12.625017808477535 ], [ 1.024103224297477, 12.851825669806574 ], [ 0.374892205414682, 14.92890818934613 ], [ 3.638258904646477, 15.568119818580456 ], [ 4.270209995143802, 16.852227484601215 ], [ 4.267419467800039, 19.155265204336999 ], [ 11.999505649471613, 23.47166840259645 ], [ 14.143870883855243, 22.491288967371133 ], [ 14.8513, 22.862950000000126 ] ] ] } },
{ "type": "Feature", "properties": { "pop_est": 190632261, "continent": "Africa", "name": "Nigeria", "iso_a3": "NGA", "gdp_md_est": 1089000.0 }, "geometry": { "type": "Polygon", "coordinates": [ [ [ 2.691701694356254, 6.258817246928629 ], [ 2.723792758809509, 8.506845404489709 ], [ 3.705438266625919, 10.063210354040208 ], [ 3.680633579125811, 12.552903347214226 ], [ 4.368343540066007, 13.747481594289411 ], [ 9.014933302454438, 12.826659247280418 ], [ 10.989593133191534, 13.387322699431195 ], [ 12.302071160540523, 13.037189032437524 ], [ 13.083987257548813, 13.596147162322495 ], [ 14.577177768622533, 12.085360826053503 ], [ 11.745774366918511, 6.981382961449754 ], [ 11.058787876030351, 6.644426784690594 ], [ 10.118276808318257, 7.03876963950988 ], [ 9.233162876023044, 6.444490668153335 ], [ 8.500287713259695, 4.771982937026849 ], [ 5.898172641634687, 4.262453314628985 ], [ 4.325607130560684, 6.270651149923467 ], [ 2.691701694356254, 6.258817246928629 ] ] ] } },
{ "type": "Feature", "properties": { "pop_est": 24994885, "continent": "Africa", "name": "Cameroon", "iso_a3": "CMR", "gdp_md_est": 77240.0 }, "geometry": { "type": "Polygon", "coordinates": [ [ [ 14.495787387762846, 12.859396267137329 ], [ 15.467872755605242, 9.982336737503545 ], [ 14.171466098699028, 10.021378282099931 ], [ 13.954218377344006, 9.549494940626687 ], [ 15.436091749745742, 7.692812404811889 ], [ 14.536560092841114, 6.22695872642069 ], [ 14.478372430080469, 4.732605495620447 ], [ 15.862732374747482, 3.013537298998983 ], [ 15.940918816805066, 1.727672634280296 ], [ 14.337812534246581, 2.227874660649491 ], [ 9.649158155972628, 2.283866075037736 ], [ 9.795195753629457, 3.073404445809117 ], [ 8.48881554529089, 4.495617377129918 ], [ 8.757532993208628, 5.479665839047911 ], [ 10.118276808318257, 7.03876963950988 ], [ 11.058787876030351, 6.644426784690594 ], [ 11.745774366918511, 6.981382961449754 ], [ 14.415378859116684, 11.572368882692075 ], [ 14.495787387762846, 12.859396267137329 ] ] ] } },
{ "type": "Feature", "properties": { "pop_est": 7965055, "continent": "Africa", "name": "Togo", "iso_a3": "TGO", "gdp_md_est": 11610.0 }, "geometry": { "type": "Polygon", "coordinates": [ [ [ 0.899563022474069, 10.99733938236426 ], [ 1.664477573258381, 9.128590399609379 ], [ 1.865240512712319, 6.142157701029731 ], [ 1.060121697604927, 5.928837388528876 ], [ -0.049784715159944, 10.706917832883931 ], [ 0.899563022474069, 10.99733938236426 ] ] ] } },
{ "type": "Feature", "properties": { "pop_est": 27499924, "continent": "Africa", "name": "Ghana", "iso_a3": "GHA", "gdp_md_est": 120800.0 }, "geometry": { "type": "Polygon", "coordinates": [ [ [ 0.023802524423701, 11.018681748900804 ], [ 1.060121697604927, 5.928837388528876 ], [ -1.964706590167594, 4.710462144383371 ], [ -2.856125047202397, 4.994475816259509 ], [ -3.244370083011262, 6.250471503113502 ], [ -2.562189500326241, 8.219627793811483 ], [ -2.940409308270461, 10.962690334512558 ], [ 0.023802524423701, 11.018681748900804 ] ] ] } },
{ "type": "Feature", "properties": { "pop_est": 24184810, "continent": "Africa", "name": "Côte d'Ivoire", "iso_a3": "CIV", "gdp_md_est": 87120.0 }, "geometry": { "type": "Polygon", "coordinates": [ [ [ -8.029943610048619, 10.206534939001713 ], [ -6.205222947606431, 10.524060777219134 ], [ -4.330246954760383, 9.610834865757141 ], [ -2.827496303712707, 9.642460842319778 ], [ -2.562189500326241, 8.219627793811483 ], [ -3.244370083011262, 6.250471503113502 ], [ -2.856125047202397, 4.994475816259509 ], [ -4.649917364917911, 5.168263658057086 ], [ -7.71215938966975, 4.364565944837722 ], [ -7.570152553731688, 5.707352199725904 ], [ -8.60288021486862, 6.46756419517166 ], [ -7.832100389019188, 8.575704250518626 ], [ -8.029943610048619, 10.206534939001713 ] ] ] } },
{ "type": "Feature", "properties": { "pop_est": 12413867, "continent": "Africa", "name": "Guinea", "iso_a3": "GIN", "gdp_md_est": 16080.0 }, "geometry": { "type": "Polygon", "coordinates": [ [ [ -13.700476040084325, 12.586182969610194 ], [ -10.165213792348837, 11.844083563682744 ], [ -9.127473517279583, 12.308060411015333 ], [ -8.029943610048619, 10.206534939001713 ], [ -7.832100389019188, 8.575704250518626 ], [ -8.280703497744938, 7.687179673692157 ], [ -9.208786383490846, 7.313920803247953 ], [ -9.755342169625834, 8.541055202666925 ], [ -10.505477260774668, 8.348896389189605 ], [ -11.11748124840733, 10.045872911006285 ], [ -12.425928514037565, 9.835834051955956 ], [ -13.246550258832515, 8.903048610871508 ], [ -15.130311245168173, 11.040411688679526 ], [ -13.743160773157413, 11.811269029177412 ], [ -13.700476040084325, 12.586182969610194 ] ] ] } },
{ "type": "Feature", "properties": { "pop_est": 1792338, "continent": "Africa", "name": "Guinea-Bissau", "iso_a3": "GNB", "gdp_md_est": 2851.0 }, "geometry": { "type": "Polygon", "coordinates": [ [ [ -16.677451951554573, 12.384851589401052 ], [ -13.700476040084325, 12.586182969610194 ], [ -13.743160773157413, 11.811269029177412 ], [ -15.130311245168173, 11.040411688679526 ], [ -16.677451951554573, 12.384851589401052 ] ] ] } },
{ "type": "Feature", "properties": { "pop_est": 4689021, "continent": "Africa", "name": "Liberia", "iso_a3": "LBR", "gdp_md_est": 3881.0 }, "geometry": { "type": "Polygon", "coordinates": [ [ [ -8.439298468448698, 7.686042792181738 ], [ -8.60288021486862, 6.46756419517166 ], [ -7.570152553731688, 5.707352199725904 ], [ -7.71215938966975, 4.364565944837722 ], [ -11.438779466182055, 6.785916856305747 ], [ -10.23009355309128, 8.406205552601293 ], [ -9.755342169625834, 8.541055202666925 ], [ -9.208786383490846, 7.313920803247953 ], [ -8.439298468448698, 7.686042792181738 ] ] ] } },
{ "type": "Feature", "properties": { "pop_est": 6163195, "continent": "Africa", "name": "Sierra Leone", "iso_a3": "SLE", "gdp_md_est": 10640.0 }, "geometry": { "type": "Polygon", "coordinates": [ [ [ -13.246550258832515, 8.903048610871508 ], [ -12.425928514037565, 9.835834051955956 ], [ -11.11748124840733, 10.045872911006285 ], [ -10.23009355309128, 8.406205552601293 ], [ -11.438779466182055, 6.785916856305747 ], [ -12.949049038128194, 7.798645738145738 ], [ -13.246550258832515, 8.903048610871508 ] ] ] } },
{ "type": "Feature", "properties": { "pop_est": 20107509, "continent": "Africa", "name": "Burkina Faso", "iso_a3": "BFA", "gdp_md_est": 32990.0 }, "geometry": { "type": "Polygon", "coordinates": [ [ [ -5.404341599946974, 10.370736802609146 ], [ -4.28040503581488, 13.228443508349741 ], [ -1.066363491205664, 14.973815009007765 ], [ 0.374892205414682, 14.92890818934613 ], [ 1.024103224297477, 12.851825669806574 ], [ 2.177107781593776, 12.625017808477535 ], [ 1.935985548519881, 11.641150214072553 ], [ 0.899563022474069, 10.99733938236426 ], [ -2.940409308270461, 10.962690334512558 ], [ -2.827496303712707, 9.642460842319778 ], [ -4.330246954760383, 9.610834865757141 ], [ -5.404341599946974, 10.370736802609146 ] ] ] } },
{ "type": "Feature", "properties": { "pop_est": 5625118, "continent": "Africa", "name": "Central African Rep.", "iso_a3": "CAF", "gdp_md_est": 3206.0 }, "geometry": { "type": "Polygon", "coordinates": [ [ [ 27.37422610851749, 5.233944403500061 ], [ 24.410531040146253, 5.10878408448913 ], [ 22.841479526468106, 4.710126247573484 ], [ 22.405123732195538, 4.029160061047321 ], [ 19.467783644293149, 5.03152781821278 ], [ 18.453065219809929, 3.504385891123349 ], [ 17.133042433346304, 3.728196519379452 ], [ 16.012852410555354, 2.267639675298085 ], [ 14.459407179429348, 5.4517605656103 ], [ 15.279460483469109, 7.421924546737969 ], [ 17.964929640380888, 7.890914008002994 ], [ 18.812009718509273, 8.982914536978598 ], [ 21.000868361096167, 9.475985215691509 ], [ 22.864165480244225, 11.142395127807546 ], [ 23.554304233502194, 10.089255275915308 ], [ 23.459012892355986, 8.954285793488893 ], [ 27.37422610851749, 5.233944403500061 ] ] ] } },
{ "type": "Feature", "properties": { "pop_est": 4954674, "continent": "Africa", "name": "Congo", "iso_a3": "COG", "gdp_md_est": 30270.0 }, "geometry": { "type": "Polygon", "coordinates": [ [ [ 18.453065219809929, 3.504385891123349 ], [ 17.638644646889986, -0.424831638189247 ], [ 16.407091912510054, -1.740927015798682 ], [ 16.006289503654301, -3.535132744972529 ], [ 14.582603794013181, -4.97023894615014 ], [ 12.620759718484493, -4.438023369976136 ], [ 11.91496300624209, -5.037986748884791 ], [ 11.093772820691925, -3.978826592630547 ], [ 11.855121697648116, -3.426870619321051 ], [ 11.478038771214303, -2.765618991714241 ], [ 12.575284458067642, -1.948511244315135 ], [ 13.99240726080771, -2.4708049454891 ], [ 14.425455763413595, -1.333406670744971 ], [ 13.843320753645656, 0.038757635901149 ], [ 14.276265903386957, 1.196929836426619 ], [ 13.282631463278818, 1.31418366129688 ], [ 13.075822381246752, 2.267097072759015 ], [ 15.940918816805066, 1.727672634280296 ], [ 17.133042433346304, 3.728196519379452 ], [ 18.453065219809929, 3.504385891123349 ] ] ] } },
{ "type": "Feature", "properties": { "pop_est": 1772255, "continent": "Africa", "name": "Gabon", "iso_a3": "GAB", "gdp_md_est": 35980.0 }, "geometry": { "type": "Polygon", "coordinates": [ [ [ 11.276449008843713, 2.261050930180872 ], [ 12.951333855855609, 2.32161570882694 ], [ 13.282631463278818, 1.31418366129688 ], [ 14.276265903386957, 1.196929836426619 ], [ 13.843320753645656, 0.038757635901149 ], [ 14.425455763413595, -1.333406670744971 ], [ 13.99240726080771, -2.4708049454891 ], [ 12.575284458067642, -1.948511244315135 ], [ 11.478038771214303, -2.765618991714241 ], [ 11.855121697648116, -3.426870619321051 ], [ 11.093772820691925, -3.978826592630547 ], [ 8.79799563969317, -1.111301364754496 ], [ 9.492888624721985, 1.010119533691494 ], [ 11.285078973036462, 1.057661851400013 ], [ 11.276449008843713, 2.261050930180872 ] ] ] } },
{ "type": "Feature", "properties": { "pop_est": 778358, "continent": "Africa", "name": "Eq. Guinea", "iso_a3": "GNQ", "gdp_md_est": 31770.0 }, "geometry": { "type": "Polygon", "coordinates": [ [ [ 9.649158155972628, 2.283866075037736 ], [ 11.276449008843713, 2.261050930180872 ], [ 11.285078973036462, 1.057661851400013 ], [ 9.492888624721985, 1.010119533691494 ], [ 9.649158155972628, 2.283866075037736 ] ] ] } },
{ "type": "Feature", "properties": { "pop_est": 15972000, "continent": "Africa", "name": "Zambia", "iso_a3": "ZMB", "gdp_md_est": 65170.0 }, "geometry": { "type": "Polygon", "coordinates": [ [ [ 30.740009731422095, -8.340005930353721 ], [ 33.231387973775298, -9.676721693564801 ], [ 33.306422153463075, -12.435778090060218 ], [ 32.688165317523129, -13.712857761289277 ], [ 33.214024692525214, -13.971860039936153 ], [ 30.17948123548183, -14.796099134991529 ], [ 30.27425581230511, -15.507786960515213 ], [ 28.947463413211267, -16.04305144619444 ], [ 27.044427117630732, -17.938026218337434 ], [ 23.215048455506064, -17.523116143465984 ], [ 21.887842644953874, -16.08031015387688 ], [ 21.933886346125917, -12.898437188369359 ], [ 24.016136508894675, -12.911046237848574 ], [ 23.912215203555718, -10.926826267137514 ], [ 25.752309604604733, -11.784965101776358 ], [ 27.164419793412463, -11.608748467661075 ], [ 28.934285922976837, -13.248958428605135 ], [ 29.699613885219492, -13.257226657771831 ], [ 29.61600141777123, -12.178894545137311 ], [ 28.372253045370428, -11.793646742401393 ], [ 28.449871046672826, -9.164918308146085 ], [ 29.00291222506047, -8.407031752153472 ], [ 30.740009731422095, -8.340005930353721 ] ] ] } },
{ "type": "Feature", "properties": { "pop_est": 19196246, "continent": "Africa", "name": "Malawi", "iso_a3": "MWI", "gdp_md_est": 21200.0 }, "geometry": { "type": "Polygon", "coordinates": [ [ [ 32.759375441221323, -9.23059905358906 ], [ 33.73972, -9.41715 ], [ 34.28, -10.16 ], [ 34.559989047999352, -13.579997653866876 ], [ 35.68684533055594, -14.611045830954332 ], [ 35.771904738108361, -15.896858819240727 ], [ 35.033810255683534, -16.801299737213093 ], [ 34.381291945134052, -16.183559665596043 ], [ 34.459633416488543, -14.613009535381423 ], [ 32.688165317523129, -13.712857761289277 ], [ 33.485687697083591, -10.525558770391115 ], [ 32.759375441221323, -9.23059905358906 ] ] ] } },
{ "type": "Feature", "properties": { "pop_est": 26573706, "continent": "Africa", "name": "Mozambique", "iso_a3": "MOZ", "gdp_md_est": 35010.0 }, "geometry": { "type": "Polygon", "coordinates": [ [ [ 34.559989047999352, -11.520020033415925 ], [ 37.47129, -11.56876 ], [ 40.316588576017189, -10.317096042525698 ], [ 40.775475294768995, -14.691764418194241 ], [ 39.452558628097051, -16.72089120856694 ], [ 37.411132846838882, -17.586368096591237 ], [ 34.786383497870048, -19.784011732667736 ], [ 35.562545536369086, -22.09 ], [ 35.458745558419622, -24.122609958596549 ], [ 33.013210076639012, -25.357573337507738 ], [ 32.574632195777866, -25.727318210556092 ], [ 32.830120477028885, -26.742191664336197 ], [ 32.071665480281069, -26.733820082304909 ], [ 31.191409132621288, -22.251509698172399 ], [ 32.65974327976258, -20.304290052982317 ], [ 32.847638787575846, -16.713398125884616 ], [ 30.338954705534544, -15.880839125230246 ], [ 30.17948123548183, -14.796099134991529 ], [ 33.214024692525214, -13.971860039936153 ], [ 34.459633416488543, -14.613009535381423 ], [ 34.381291945134052, -16.183559665596043 ], [ 35.033810255683534, -16.801299737213093 ], [ 35.771904738108361, -15.896858819240727 ], [ 35.68684533055594, -14.611045830954332 ], [ 34.559989047999352, -13.579997653866876 ], [ 34.559989047999352, -11.520020033415925 ] ] ] } },
{ "type": "Feature", "properties": { "pop_est": 1467152, "continent": "Africa", "name": "eSwatini", "iso_a3": "SWZ", "gdp_md_est": 11060.0 }, "geometry": { "type": "Polygon", "coordinates": [ [ [ 32.071665480281069, -26.733820082304909 ], [ 31.282773064913329, -27.285879408478998 ], [ 30.68596194837448, -26.743845310169533 ], [ 31.044079624157149, -25.731452325139443 ], [ 31.83777794772806, -25.843331801051349 ], [ 32.071665480281069, -26.733820082304909 ] ] ] } },
{ "type": "Feature", "properties": { "pop_est": 29310273, "continent": "Africa", "name": "Angola", "iso_a3": "AGO", "gdp_md_est": 189000.0 }, "geometry": { "type": "MultiPolygon", "coordinates": [ [ [ [ 12.995517205465177, -4.781103203961884 ], [ 12.63161176926579, -4.991271254092936 ], [ 12.182336866920252, -5.789930515163839 ], [ 11.91496300624209, -5.037986748884791 ], [ 12.620759718484493, -4.438023369976136 ], [ 12.995517205465177, -4.781103203961884 ] ] ], [ [ [ 12.322431674863511, -6.10009246177966 ], [ 16.326528354567046, -5.877470391466268 ], [ 17.472970004962235, -8.0685511206417 ], [ 19.016751743249671, -7.988245944860132 ], [ 20.091621534920648, -6.943090101756994 ], [ 21.728110792739699, -7.290872491081302 ], [ 22.155268182064308, -11.084801120653772 ], [ 24.017893507592589, -11.23729827234709 ], [ 24.016136508894675, -12.911046237848574 ], [ 21.933886346125917, -12.898437188369359 ], [ 21.887842644953874, -16.08031015387688 ], [ 23.215048455506064, -17.523116143465984 ], [ 21.377176141045567, -17.930636488519696 ], [ 18.263309360434164, -17.309950860262006 ], [ 14.05850141770901, -17.423380629142663 ], [ 13.462362094789967, -16.971211846588773 ], [ 11.734198846085121, -17.301889336824473 ], [ 12.175618930722294, -14.449143568583892 ], [ 13.738727654686897, -11.297863050993165 ], [ 12.322431674863511, -6.10009246177966 ] ] ] ] } },
{ "type": "Feature", "properties": { "pop_est": 11466756, "continent": "Africa", "name": "Burundi", "iso_a3": "BDI", "gdp_md_est": 7892.0 }, "geometry": { "type": "Polygon", "coordinates": [ [ [ 30.469673645761223, -2.41385475710134 ], [ 30.75224, -3.35931 ], [ 29.339997592900346, -4.499983412294092 ], [ 29.024926385216787, -2.839257907730158 ], [ 30.469673645761223, -2.41385475710134 ] ] ] } },
{ "type": "Feature", "properties": { "pop_est": 8299706, "continent": "Asia", "name": "Israel", "iso_a3": "ISR", "gdp_md_est": 297000.0 }, "geometry": { "type": "Polygon", "coordinates": [ [ [ 35.821100701650238, 33.277426459276299 ], [ 34.974640740709333, 31.866582343059722 ], [ 35.420918409981965, 31.100065822874356 ], [ 34.92260257339143, 29.501326198844524 ], [ 34.265433383935687, 31.219360866820153 ], [ 35.098457472480675, 33.080539252244265 ], [ 35.821100701650238, 33.277426459276299 ] ] ] } },
{ "type": "Feature", "properties": { "pop_est": 6229794, "continent": "Asia", "name": "Lebanon", "iso_a3": "LBN", "gdp_md_est": 85160.0 }, "geometry": { "type": "Polygon", "coordinates": [ [ [ 35.821100701650238, 33.277426459276299 ], [ 35.126052687324545, 33.090900376918782 ], [ 35.998402540843642, 34.644914048800004 ], [ 36.448194207512103, 34.593935248344067 ], [ 35.821100701650238, 33.277426459276299 ] ] ] } },
{ "type": "Feature", "properties": { "pop_est": 25054161, "continent": "Africa", "name": "Madagascar", "iso_a3": "MDG", "gdp_md_est": 36860.0 }, "geometry": { "type": "Polygon", "coordinates": [ [ [ 49.194651320193316, -12.04055673589197 ], [ 50.377111443895956, -15.706069431219127 ], [ 49.672606642460863, -15.710203545802479 ], [ 49.774564243372708, -16.875042006093601 ], [ 47.095761346226595, -24.941629733990453 ], [ 45.409507684110451, -25.601434421493089 ], [ 44.039720493349762, -24.988345228782308 ], [ 43.345654331237625, -22.776903985283873 ], [ 43.43329756040464, -21.336475111580189 ], [ 44.464397413924388, -19.435454196859048 ], [ 43.963084344260913, -17.409944756746782 ], [ 44.446517368351401, -16.216219170804507 ], [ 46.31224327981721, -15.780018405828798 ], [ 47.705129835812357, -14.594302666891764 ], [ 49.194651320193316, -12.04055673589197 ] ] ] } },
{ "type": "Feature", "properties": { "pop_est": 4543126, "continent": "Asia", "name": "Palestine", "iso_a3": "PSE", "gdp_md_est": 21220.77 }, "geometry": { "type": "Polygon", "coordinates": [ [ [ 35.545665317534542, 32.393992011030576 ], [ 34.927408481594568, 31.353435370401414 ], [ 35.183930291491436, 32.532510687788943 ], [ 35.545665317534542, 32.393992011030576 ] ] ] } },
{ "type": "Feature", "properties": { "pop_est": 2051363, "continent": "Africa", "name": "Gambia", "iso_a3": "GMB", "gdp_md_est": 3387.0 }, "geometry": { "type": "Polygon", "coordinates": [ [ [ -16.713728807023472, 13.594958604379855 ], [ -15.081735398813819, 13.876491807505985 ], [ -13.844963344772408, 13.505041612192002 ], [ -16.841524624081273, 13.151393947802561 ], [ -16.713728807023472, 13.594958604379855 ] ] ] } },
{ "type": "Feature", "properties": { "pop_est": 11403800, "continent": "Africa", "name": "Tunisia", "iso_a3": "TUN", "gdp_md_est": 130800.0 }, "geometry": { "type": "Polygon", "coordinates": [ [ [ 9.482139926805274, 30.307556057246188 ], [ 9.055602654668149, 32.102691962201291 ], [ 7.612641635782182, 33.344114895148962 ], [ 7.524481642292244, 34.09737641045146 ], [ 8.140981479534304, 34.65514598239379 ], [ 8.420964389691676, 36.946427313783161 ], [ 9.509993523810607, 37.349994411766545 ], [ 10.210002475636317, 37.230001735984814 ], [ 10.180650262094531, 36.724037787415085 ], [ 11.02886722173335, 37.092103176413957 ], [ 10.600004510143094, 36.410000108377375 ], [ 10.807847120821009, 34.83350718844919 ], [ 10.149592726287125, 34.330773016897709 ], [ 11.488787469131012, 33.136995754523241 ], [ 11.432253452203696, 32.368903103152874 ], [ 9.950225050505082, 31.376069647745258 ], [ 9.970017124072854, 30.53932485607524 ], [ 9.482139926805274, 30.307556057246188 ] ] ] } },
{ "type": "Feature", "properties": { "pop_est": 40969443, "continent": "Africa", "name": "Algeria", "iso_a3": "DZA", "gdp_md_est": 609400.0 }, "geometry": { "type": "Polygon", "coordinates": [ [ [ -8.684399786809053, 27.395744126896005 ], [ -8.674116176782974, 28.841288967396579 ], [ -5.242129278982787, 30.000443020135592 ], [ -3.690441046554724, 30.896951605751156 ], [ -3.647497931320146, 31.637294012980675 ], [ -1.30789913573787, 32.262888902306102 ], [ -2.169913702798624, 35.16839630791668 ], [ -1.208602871089056, 35.714848741187097 ], [ 1.466918572606545, 36.605647081034405 ], [ 8.420964389691676, 36.946427313783161 ], [ 8.140981479534304, 34.65514598239379 ], [ 7.524481642292244, 34.09737641045146 ], [ 7.612641635782182, 33.344114895148962 ], [ 9.055602654668149, 32.102691962201291 ], [ 9.805634392952356, 29.424638373323376 ], [ 9.319410841518163, 26.094324856057455 ], [ 10.303846876678362, 24.379313259370917 ], [ 10.771363559622927, 24.562532050061751 ], [ 11.999505649471613, 23.47166840259645 ], [ 5.677565952180686, 19.601206976799716 ], [ 3.158133172222705, 19.057364203360038 ], [ 3.1466610042539, 19.693578599521445 ], [ -8.684399786809053, 27.395744126896005 ] ] ] } },
{ "type": "Feature", "properties": { "pop_est": 10248069, "continent": "Asia", "name": "Jordan", "iso_a3": "JOR", "gdp_md_est": 86190.0 }, "geometry": { "type": "Polygon", "coordinates": [ [ [ 35.545665317534542, 32.393992011030576 ], [ 36.834062127435544, 32.312937526980775 ], [ 38.792340529136084, 33.378686428352225 ], [ 39.195468377444968, 32.161008816042667 ], [ 37.002165561681011, 31.508412990844747 ], [ 37.998848911294374, 30.508499864213135 ], [ 36.068940870922063, 29.197494615184453 ], [ 34.92260257339143, 29.501326198844524 ], [ 35.545665317534542, 32.393992011030576 ] ] ] } },
{ "type": "Feature", "properties": { "pop_est": 6072475, "continent": "Asia", "name": "United Arab Emirates", "iso_a3": "ARE", "gdp_md_est": 667200.0 }, "geometry": { "type": "Polygon", "coordinates": [ [ [ 51.579518670463273, 24.245497137951105 ], [ 54.008000929587581, 24.121757920828216 ], [ 56.070820753814559, 26.055464178973981 ], [ 56.261041701080956, 25.714606431576769 ], [ 56.396847365144005, 24.924732163995486 ], [ 55.886232537668008, 24.920830593357447 ], [ 55.981213820220461, 24.130542914317829 ], [ 55.006803012924905, 22.496947536707136 ], [ 52.000733270074335, 23.00115448657894 ], [ 51.579518670463273, 24.245497137951105 ] ] ] } },
{ "type": "Feature", "properties": { "pop_est": 2314307, "continent": "Asia", "name": "Qatar", "iso_a3": "QAT", "gdp_md_est": 334500.0 }, "geometry": { "type": "Polygon", "coordinates": [ [ [ 50.810108270069577, 24.754742539971378 ], [ 50.743910760303692, 25.482424221289396 ], [ 51.286461622936059, 26.114582017515868 ], [ 51.606700473848811, 25.215670477798739 ], [ 51.38960778179063, 24.627385972588058 ], [ 50.810108270069577, 24.754742539971378 ] ] ] } },
{ "type": "Feature", "properties": { "pop_est": 2875422, "continent": "Asia", "name": "Kuwait", "iso_a3": "KWT", "gdp_md_est": 301100.0 }, "geometry": { "type": "Polygon", "coordinates": [ [ [ 47.974519077349896, 29.975819200148504 ], [ 48.416094191283946, 28.55200429942667 ], [ 46.568713413281756, 29.09902517345229 ], [ 47.302622104690961, 30.059069932570722 ], [ 47.974519077349896, 29.975819200148504 ] ] ] } },
{ "type": "Feature", "properties": { "pop_est": 39192111, "continent": "Asia", "name": "Iraq", "iso_a3": "IRQ", "gdp_md_est": 596700.0 }, "geometry": { "type": "Polygon", "coordinates": [ [ [ 39.195468377444968, 32.161008816042667 ], [ 38.792340529136084, 33.378686428352225 ], [ 41.006158888519934, 34.419372260062119 ], [ 41.289707472505455, 36.358814602192268 ], [ 42.779125604021829, 37.385263576805755 ], [ 44.772677101595043, 37.170436925616841 ], [ 46.0763403664048, 35.677383327775487 ], [ 45.416690708199042, 33.967797756479584 ], [ 47.334661492711909, 32.469155381799112 ], [ 48.567971225789755, 29.926778265903522 ], [ 47.302622104690961, 30.059069932570722 ], [ 46.568713413281756, 29.09902517345229 ], [ 44.709498732284743, 29.178891099559383 ], [ 41.889980910007836, 31.190008653278369 ], [ 39.195468377444968, 32.161008816042667 ] ] ] } },
{ "type": "Feature", "properties": { "pop_est": 3424386, "continent": "Asia", "name": "Oman", "iso_a3": "OMN", "gdp_md_est": 173100.0 }, "geometry": { "type": "MultiPolygon", "coordinates": [ [ [ [ 55.208341098863194, 22.708329982997046 ], [ 55.886232537668008, 24.920830593357447 ], [ 56.396847365144005, 24.924732163995486 ], [ 59.806148309168066, 22.310524807214193 ], [ 57.826372511634105, 20.24300242764863 ], [ 57.694390903560645, 18.94470958096376 ], [ 54.791002231674042, 16.950696926333379 ], [ 53.108572625547509, 16.651051133688952 ], [ 52.000009800022241, 19.000003363516058 ], [ 54.999981723862362, 19.999994004796108 ], [ 55.666659376859826, 22.000001125572339 ], [ 55.208341098863194, 22.708329982997046 ] ] ], [ [ [ 56.261041701080956, 25.714606431576769 ], [ 56.070820753814559, 26.055464178973981 ], [ 56.362017449779273, 26.395934353128979 ], [ 56.485679152253738, 26.309117946878633 ], [ 56.261041701080956, 25.714606431576769 ] ] ] ] } },
{ "type": "Feature", "properties": { "pop_est": 282814, "continent": "Oceania", "name": "Vanuatu", "iso_a3": "VUT", "gdp_md_est": 723.0 }, "geometry": { "type": "MultiPolygon", "coordinates": [ [ [ [ 167.2168013857696, -15.89184620530842 ], [ 167.84487674384502, -16.46633310309717 ], [ 167.515181105822876, -16.597849623279991 ], [ 167.2168013857696, -15.89184620530842 ] ] ], [ [ [ 167.270028111030229, -15.740020847234888 ], [ 166.649859247095492, -15.392703545801211 ], [ 166.6291369977464, -14.626497084209605 ], [ 167.270028111030229, -15.740020847234888 ] ] ] ] } },
{ "type": "Feature", "properties": { "pop_est": 16204486, "continent": "Asia", "name": "Cambodia", "iso_a3": "KHM", "gdp_md_est": 58940.0 }, "geometry": { "type": "Polygon", "coordinates": [ [ [ 103.497279901139706, 10.632555446815928 ], [ 102.348099399833018, 13.394247341358223 ], [ 102.988422072361629, 14.225721136934467 ], [ 106.043946160915525, 13.881091009979956 ], [ 106.496373325630884, 14.570583807834282 ], [ 107.61454796756243, 13.535530707244206 ], [ 107.49140302941089, 12.337205918827948 ], [ 105.81052371625313, 11.567614650921229 ], [ 106.249670037869464, 10.961811835163587 ], [ 103.497279901139706, 10.632555446815928 ] ] ] } },
{ "type": "Feature", "properties": { "pop_est": 68414135, "continent": "Asia", "name": "Thailand", "iso_a3": "THA", "gdp_md_est": 1161000.0 }, "geometry": { "type": "Polygon", "coordinates": [ [ [ 105.218776890078885, 14.273211778210694 ], [ 102.988422072361629, 14.225721136934467 ], [ 102.348099399833018, 13.394247341358223 ], [ 102.584932489026698, 12.186594956913282 ], [ 100.831809523524868, 12.627084865769206 ], [ 100.978467238369205, 13.412721665902566 ], [ 100.097797479251113, 13.406856390837433 ], [ 99.222398716226763, 9.239255479362427 ], [ 99.873831821698133, 9.20786204674512 ], [ 100.459274123132758, 7.429572658717177 ], [ 102.141186964936381, 6.221636053894628 ], [ 101.154218784593866, 5.691384182147715 ], [ 98.150009393305822, 8.350007432483878 ], [ 99.587286004639722, 11.892762762901697 ], [ 98.192074009191401, 15.123702500870351 ], [ 98.903348423256759, 16.177824204976119 ], [ 97.375896437573545, 18.445437730375815 ], [ 98.25372399291561, 19.708203029860044 ], [ 100.115987583417848, 20.417849636308187 ], [ 100.606293573003157, 19.508344427971224 ], [ 101.282014601651696, 19.462584947176765 ], [ 101.059547560635167, 17.51249725999449 ], [ 103.20019209189374, 18.309632066312773 ], [ 104.716947056092494, 17.428858954330082 ], [ 104.779320509868796, 16.441864935771449 ], [ 105.589038527450157, 15.570316066952858 ], [ 105.218776890078885, 14.273211778210694 ] ] ] } },
{ "type": "Feature", "properties": { "pop_est": 7126706, "continent": "Asia", "name": "Laos", "iso_a3": "LAO", "gdp_md_est": 40960.0 }, "geometry": { "type": "Polygon", "coordinates": [ [ [ 107.382727492301086, 14.202440904186972 ], [ 106.496373325630884, 14.570583807834282 ], [ 106.043946160915525, 13.881091009979956 ], [ 105.218776890078885, 14.273211778210694 ], [ 105.589038527450157, 15.570316066952858 ], [ 103.956476678485302, 18.240954087796879 ], [ 101.059547560635167, 17.51249725999449 ], [ 101.282014601651696, 19.462584947176765 ], [ 100.606293573003157, 19.508344427971224 ], [ 100.115987583417848, 20.417849636308187 ], [ 101.180005324307544, 21.436572984294028 ], [ 101.803119744882935, 21.174366766845068 ], [ 101.652017856861519, 22.318198757409547 ], [ 102.170435825613581, 22.464753119389304 ], [ 103.203861118586445, 20.766562201413748 ], [ 104.435000441508052, 20.758733221921531 ], [ 104.822573683697101, 19.886641750563882 ], [ 103.896532017026715, 19.265180975821806 ], [ 105.094598423281525, 18.66697459561108 ], [ 107.312705926545604, 15.908538316303179 ], [ 107.382727492301086, 14.202440904186972 ] ] ] } },
{ "type": "Feature", "properties": { "pop_est": 55123814, "continent": "Asia", "name": "Myanmar", "iso_a3": "MMR", "gdp_md_est": 311100.0 }, "geometry": { "type": "Polygon", "coordinates": [ [ [ 100.115987583417848, 20.417849636308187 ], [ 98.25372399291561, 19.708203029860044 ], [ 97.375896437573545, 18.445437730375815 ], [ 98.903348423256759, 16.177824204976119 ], [ 98.192074009191401, 15.123702500870351 ], [ 99.587286004639722, 11.892762762901697 ], [ 98.553550653073046, 9.932959906448545 ], [ 98.509574009192676, 13.122377631070677 ], [ 97.164539829499802, 16.92873444260934 ], [ 95.369352248112406, 15.714389960182601 ], [ 94.188804152404543, 16.037936102762018 ], [ 94.324816522196755, 18.2135139022499 ], [ 93.663254835996213, 19.726961574781996 ], [ 92.36855350135562, 20.670883287025347 ], [ 92.303234490938678, 21.475485337809818 ], [ 93.166127557348375, 22.278459580977103 ], [ 93.325187615942795, 24.078556423432204 ], [ 94.106741977925068, 23.85074087167348 ], [ 95.124767694074961, 26.573572089132298 ], [ 96.419365675850969, 27.264589341739224 ], [ 97.133999058015306, 27.083773505149964 ], [ 97.327113885490036, 28.261582749946339 ], [ 98.682690057370465, 27.508812160750619 ], [ 98.671838006589155, 25.918702500913525 ], [ 97.724609002679145, 25.083637193293001 ], [ 97.604719679761985, 23.897404690033042 ], [ 98.660262485755766, 24.063286037689966 ], [ 98.898749220782776, 23.142722072842531 ], [ 99.531992222087396, 22.949038804612581 ], [ 99.240898878987252, 22.118314317304581 ], [ 100.416537713627378, 21.558839423096614 ], [ 101.15003299357825, 21.849984442629022 ], [ 100.115987583417848, 20.417849636308187 ] ] ] } },
{ "type": "Feature", "properties": { "pop_est": 96160163, "continent": "Asia", "name": "Vietnam", "iso_a3": "VNM", "gdp_md_est": 594900.0 }, "geometry": { "type": "Polygon", "coordinates": [ [ [ 104.334334751403475, 10.48654368737523 ], [ 106.249670037869464, 10.961811835163587 ], [ 105.81052371625313, 11.567614650921229 ], [ 107.49140302941089, 12.337205918827948 ], [ 107.564525181103903, 15.202173163305559 ], [ 105.094598423281525, 18.66697459561108 ], [ 103.896532017026715, 19.265180975821806 ], [ 104.822573683697101, 19.886641750563882 ], [ 104.435000441508052, 20.758733221921531 ], [ 103.203861118586445, 20.766562201413748 ], [ 102.170435825613581, 22.464753119389304 ], [ 105.329209425886631, 23.352063300056912 ], [ 108.050180291782937, 21.552379869060118 ], [ 106.715067987090094, 20.696850694252021 ], [ 105.662005649846307, 19.05816518806057 ], [ 108.877106561317476, 15.27669057867044 ], [ 109.200135939573983, 11.666859239137764 ], [ 105.15826378786511, 8.599759629750494 ], [ 105.076201613385621, 9.918490505406808 ], [ 104.334334751403475, 10.48654368737523 ] ] ] } },
{ "type": "Feature", "properties": { "pop_est": 25248140, "continent": "Asia", "name": "North Korea", "iso_a3": "PRK", "gdp_md_est": 40000.0 }, "geometry": { "type": "MultiPolygon", "coordinates": [ [ [ [ 130.780003660046759, 42.220007813203225 ], [ 130.780004853585126, 42.220010361082579 ], [ 130.78000735893113, 42.22000722916885 ], [ 130.780003660046759, 42.220007813203225 ] ] ], [ [ [ 130.639999706909549, 42.395024275221793 ], [ 129.667362095254816, 41.601104437825228 ], [ 129.705189243692473, 40.882827867184332 ], [ 127.533435500194173, 39.756850083976701 ], [ 127.385434198110275, 39.213472398427655 ], [ 128.205745884311455, 38.370397243801889 ], [ 125.275330438336198, 37.669070542952724 ], [ 124.71216067921938, 38.10834605564979 ], [ 125.386589797060594, 39.387957872061165 ], [ 124.265624627785314, 39.928493353834156 ], [ 125.079941847840644, 40.569823716792449 ], [ 126.869083286649868, 41.81656932226619 ], [ 128.208433058790661, 41.466771552082491 ], [ 128.05221520397231, 41.994284572917948 ], [ 129.994267205933227, 42.985386867843786 ], [ 130.639999706909549, 42.395024275221793 ] ] ] ] } },
{ "type": "Feature", "properties": { "pop_est": 51181299, "continent": "Asia", "name": "South Korea", "iso_a3": "KOR", "gdp_md_est": 1929000.0 }, "geometry": { "type": "Polygon", "coordinates": [ [ [ 126.174758742376241, 37.74968577732804 ], [ 128.349716424676615, 38.61224294692785 ], [ 129.460449660358165, 36.784189154602828 ], [ 129.091376580929591, 35.082484239231434 ], [ 126.485747511908755, 34.39004588473648 ], [ 126.117397902532289, 36.725484727519259 ], [ 126.860143263863392, 36.893924058574626 ], [ 126.174758742376241, 37.74968577732804 ] ] ] } },
{ "type": "Feature", "properties": { "pop_est": 3068243, "continent": "Asia", "name": "Mongolia", "iso_a3": "MNG", "gdp_md_est": 37000.0 }, "geometry": { "type": "Polygon", "coordinates": [ [ [ 87.751264276076711, 49.297197984405486 ], [ 92.234711541719676, 50.802170722041723 ], [ 97.259760000000142, 49.72605 ], [ 98.231761509191557, 50.422400621128745 ], [ 97.825739780674311, 51.010995184933179 ], [ 98.861490513100335, 52.047366034546691 ], [ 102.06521, 51.25991 ], [ 102.25589, 50.510560000000112 ], [ 103.676545444760222, 50.089966132195116 ], [ 106.888804152455293, 50.274295966180318 ], [ 108.475167270951289, 49.28254771585074 ], [ 110.662010532678778, 49.130128078805853 ], [ 114.362456496235268, 50.248302720737414 ], [ 116.678800897286123, 49.888531399121405 ], [ 115.485282017073061, 48.135382595403442 ], [ 115.742837355615791, 47.726544501326288 ], [ 118.064142694166719, 48.066730455103688 ], [ 119.772823927897505, 47.048058783550132 ], [ 117.421701287914189, 46.67273285581426 ], [ 113.463906691544167, 44.808893134127118 ], [ 111.873306105600307, 45.102079372735062 ], [ 111.348376906379457, 44.45744171811009 ], [ 111.82958784388137, 43.743118394539522 ], [ 110.412103306115284, 42.871233628911028 ], [ 104.964993931093474, 41.597409572916348 ], [ 100.845865513108265, 42.663804429691453 ], [ 96.349395786527808, 42.725635280928685 ], [ 95.306875441471533, 44.241330878265472 ], [ 90.945539585334302, 45.286073309910279 ], [ 90.585768263718279, 45.719716091487527 ], [ 90.970809360725013, 46.88814606382293 ], [ 90.280825636763922, 47.69354909930793 ], [ 88.013832228551735, 48.599462795600616 ], [ 87.751264276076711, 49.297197984405486 ] ] ] } },
{ "type": "Feature", "properties": { "pop_est": 1281935911, "continent": "Asia", "name": "India", "iso_a3": "IND", "gdp_md_est": 8721000.0 }, "geometry": { "type": "Polygon", "coordinates": [ [ [ 97.327113885490036, 28.261582749946339 ], [ 97.133999058015306, 27.083773505149964 ], [ 96.419365675850969, 27.264589341739224 ], [ 95.124767694074961, 26.573572089132298 ], [ 94.106741977925068, 23.85074087167348 ], [ 93.325187615942795, 24.078556423432204 ], [ 93.166127557348375, 22.278459580977103 ], [ 92.672720981825563, 22.041238918541254 ], [ 92.146034783906813, 23.627498684172593 ], [ 91.706475050832111, 22.985263983649187 ], [ 91.158963250699728, 23.503526923104388 ], [ 92.376201613334814, 24.976692816664965 ], [ 89.920692580121852, 25.269749864192178 ], [ 89.832480910199621, 25.965082098895479 ], [ 88.563049350949768, 26.446525580342723 ], [ 88.209789259802506, 25.768065700782714 ], [ 88.931553989623083, 25.238692328384776 ], [ 88.084422235062419, 24.501657212821925 ], [ 88.699940220090923, 24.23371491138856 ], [ 88.888765903685425, 21.690588487224748 ], [ 86.975704380240273, 21.495561631755209 ], [ 86.499351027373791, 20.151638495356607 ], [ 85.060265740909699, 19.4785788029711 ], [ 82.191241896497189, 16.556664130107848 ], [ 80.324895867843878, 15.89918488205835 ], [ 79.857999302086824, 10.35727509199711 ], [ 77.539897902337941, 7.965534776232332 ], [ 76.592978957021671, 8.89927623131419 ], [ 73.534199253233396, 15.990652167214961 ], [ 72.630533481745402, 21.356009426351008 ], [ 70.470458611945105, 20.877330634031384 ], [ 69.164130080038831, 22.0892980005727 ], [ 69.644927606082405, 22.450774644454338 ], [ 69.349596795534353, 22.84317963306269 ], [ 68.176645135373406, 23.691965033456711 ], [ 68.842599318318776, 24.359133612560939 ], [ 71.043240187468228, 24.3565239527302 ], [ 69.514392938113133, 26.940965684511372 ], [ 70.616496209601934, 27.989196275335868 ], [ 71.777665643200322, 27.913180243434525 ], [ 75.258641798813215, 32.271105455040498 ], [ 74.451559279278712, 32.764899603805503 ], [ 73.749948358051967, 34.317698879527853 ], [ 74.240202671204969, 34.748887030571254 ], [ 76.871721632804025, 34.653544012992739 ], [ 77.837450799474567, 35.494009507787766 ], [ 78.912268914713223, 34.321936346975789 ], [ 79.208891636068586, 32.994394639613716 ], [ 79.17612877799553, 32.483779812137712 ], [ 78.458446486326011, 32.618164374312727 ], [ 78.738894484374015, 31.515906073527063 ], [ 81.111256138029319, 30.183480943313402 ], [ 80.088424513676273, 28.79447011974014 ], [ 83.304248895199549, 27.364505723575562 ], [ 88.06023766474982, 26.414615383402491 ], [ 88.12044070836987, 27.876541652939594 ], [ 88.730325962278556, 28.086864732367516 ], [ 88.83564253128938, 27.098966376243762 ], [ 89.744527622438852, 26.719402981059957 ], [ 92.033483514375092, 26.838310451763562 ], [ 91.696656528696678, 27.771741848251665 ], [ 94.565990431702943, 29.277438055939985 ], [ 96.117678664131034, 29.452802028922466 ], [ 96.586590610747493, 28.83097951915434 ], [ 96.248833449287787, 28.411030992134442 ], [ 97.327113885490036, 28.261582749946339 ] ] ] } },
{ "type": "Feature", "properties": { "pop_est": 157826578, "continent": "Asia", "name": "Bangladesh", "iso_a3": "BGD", "gdp_md_est": 628400.0 }, "geometry": { "type": "Polygon", "coordinates": [ [ [ 92.672720981825563, 22.041238918541254 ], [ 92.36855350135562, 20.670883287025347 ], [ 91.41708702999766, 22.765019029221222 ], [ 90.496006300827275, 22.805016587815128 ], [ 90.272970819055558, 21.836367702720111 ], [ 89.031961297566227, 22.055708319582976 ], [ 88.699940220090923, 24.23371491138856 ], [ 88.084422235062419, 24.501657212821925 ], [ 88.931553989623083, 25.238692328384776 ], [ 88.209789259802506, 25.768065700782714 ], [ 88.563049350949768, 26.446525580342723 ], [ 89.832480910199621, 25.965082098895479 ], [ 89.920692580121852, 25.269749864192178 ], [ 92.376201613334814, 24.976692816664965 ], [ 91.158963250699728, 23.503526923104388 ], [ 91.706475050832111, 22.985263983649187 ], [ 92.146034783906813, 23.627498684172593 ], [ 92.672720981825563, 22.041238918541254 ] ] ] } },
{ "type": "Feature", "properties": { "pop_est": 758288, "continent": "Asia", "name": "Bhutan", "iso_a3": "BTN", "gdp_md_est": 6432.0 }, "geometry": { "type": "Polygon", "coordinates": [ [ [ 91.696656528696678, 27.771741848251665 ], [ 92.033483514375092, 26.838310451763562 ], [ 88.83564253128938, 27.098966376243762 ], [ 90.015828891971182, 28.296438503527217 ], [ 91.696656528696678, 27.771741848251665 ] ] ] } },
{ "type": "Feature", "properties": { "pop_est": 29384297, "continent": "Asia", "name": "Nepal", "iso_a3": "NPL", "gdp_md_est": 71520.0 }, "geometry": { "type": "Polygon", "coordinates": [ [ [ 88.12044070836987, 27.876541652939594 ], [ 88.06023766474982, 26.414615383402491 ], [ 87.227471958366294, 26.397898057556077 ], [ 80.088424513676273, 28.79447011974014 ], [ 81.525804477874743, 30.422716986608631 ], [ 85.823319940131512, 28.203575954698707 ], [ 88.12044070836987, 27.876541652939594 ] ] ] } },
{ "type": "Feature", "properties": { "pop_est": 204924861, "continent": "Asia", "name": "Pakistan", "iso_a3": "PAK", "gdp_md_est": 988200.0 }, "geometry": { "type": "Polygon", "coordinates": [ [ [ 77.837450799474567, 35.494009507787766 ], [ 76.871721632804025, 34.653544012992739 ], [ 74.240202671204969, 34.748887030571254 ], [ 73.749948358051967, 34.317698879527853 ], [ 74.451559279278712, 32.764899603805503 ], [ 75.258641798813215, 32.271105455040498 ], [ 71.777665643200322, 27.913180243434525 ], [ 70.616496209601934, 27.989196275335868 ], [ 69.514392938113133, 26.940965684511372 ], [ 71.043240187468228, 24.3565239527302 ], [ 68.842599318318776, 24.359133612560939 ], [ 68.176645135373406, 23.691965033456711 ], [ 66.372827589793275, 25.425140896093851 ], [ 61.49736290878419, 25.078237006118499 ], [ 61.87418745305655, 26.239974880472104 ], [ 63.316631707619592, 26.756532497661667 ], [ 62.727830438085988, 28.25964488373539 ], [ 60.874248488208792, 29.829238999952608 ], [ 62.549856805272782, 29.318572496044311 ], [ 66.346472609324422, 29.887943427036177 ], [ 66.938891229118468, 31.304911200479353 ], [ 69.317764113242561, 31.901412258424443 ], [ 69.262522007122556, 32.5019440780883 ], [ 70.323594191371598, 33.358532619758392 ], [ 69.930543247359594, 34.02012014417511 ], [ 70.881803012988399, 33.98885590263852 ], [ 71.613076206350712, 35.153203436822864 ], [ 71.26234826038575, 36.074387518857804 ], [ 71.846291945283923, 36.509942328429858 ], [ 75.158027785140916, 37.133030910789117 ], [ 76.192848341785691, 35.898403428687828 ], [ 77.837450799474567, 35.494009507787766 ] ] ] } },
{ "type": "Feature", "properties": { "pop_est": 34124811, "continent": "Asia", "name": "Afghanistan", "iso_a3": "AFG", "gdp_md_est": 64080.0 }, "geometry": { "type": "Polygon", "coordinates": [ [ [ 65.745630731066825, 37.661164048812068 ], [ 69.196272820924378, 37.151143500307427 ], [ 70.806820509732887, 38.486281643216415 ], [ 71.844638299450594, 36.738171291646921 ], [ 73.260055779925011, 37.495256862939002 ], [ 75.158027785140916, 37.133030910789117 ], [ 71.26234826038575, 36.074387518857804 ], [ 71.613076206350712, 35.153203436822864 ], [ 70.881803012988399, 33.98885590263852 ], [ 69.930543247359594, 34.02012014417511 ], [ 70.323594191371598, 33.358532619758392 ], [ 69.262522007122556, 32.5019440780883 ], [ 69.317764113242561, 31.901412258424443 ], [ 66.938891229118468, 31.304911200479353 ], [ 66.346472609324422, 29.887943427036177 ], [ 62.549856805272782, 29.318572496044311 ], [ 60.874248488208792, 29.829238999952608 ], [ 61.781221551363444, 30.735850328081238 ], [ 60.536077915290775, 32.981268825811568 ], [ 61.210817091725744, 35.650072333309225 ], [ 62.98466230657661, 35.404040839167621 ], [ 64.546479119733903, 36.312073269184268 ], [ 64.746105177677407, 37.111817735333304 ], [ 65.745630731066825, 37.661164048812068 ] ] ] } },
{ "type": "Feature", "properties": { "pop_est": 8468555, "continent": "Asia", "name": "Tajikistan", "iso_a3": "TJK", "gdp_md_est": 25810.0 }, "geometry": { "type": "Polygon", "coordinates": [ [ [ 67.829999627559516, 37.144994004864685 ], [ 68.392032505165957, 38.157025254868742 ], [ 68.176025018185925, 38.901553453113905 ], [ 67.442219679641312, 39.140143541005486 ], [ 67.701428664017357, 39.580478420564532 ], [ 68.536416456989429, 39.533452867178937 ], [ 69.329494663372827, 40.727824408524853 ], [ 70.666622348925046, 40.960213324541414 ], [ 70.458159621059622, 40.496494859370287 ], [ 71.01419803252017, 40.244365546218233 ], [ 69.559609816368521, 40.103211371412982 ], [ 69.46488691597753, 39.526683254548701 ], [ 73.675379266254794, 39.431236884105601 ], [ 73.928852166646436, 38.505815334622739 ], [ 74.864815708316826, 38.378846340481601 ], [ 74.980002475895418, 37.419990139305895 ], [ 73.260055779925011, 37.495256862939002 ], [ 71.844638299450594, 36.738171291646921 ], [ 70.806820509732887, 38.486281643216415 ], [ 69.196272820924378, 37.151143500307427 ], [ 67.829999627559516, 37.144994004864685 ] ] ] } },
{ "type": "Feature", "properties": { "pop_est": 5789122, "continent": "Asia", "name": "Kyrgyzstan", "iso_a3": "KGZ", "gdp_md_est": 21010.0 }, "geometry": { "type": "Polygon", "coordinates": [ [ [ 70.42002241402821, 41.519998277343142 ], [ 71.844638299450594, 42.8453954127651 ], [ 73.489757521462366, 42.500894476891318 ], [ 74.212865838522561, 43.29833934180337 ], [ 80.259990268885304, 42.349999294599058 ], [ 76.904484490877081, 41.066485907549648 ], [ 76.526368035797447, 40.427946071935118 ], [ 74.776862420556057, 40.366425279291633 ], [ 73.675379266254794, 39.431236884105601 ], [ 69.46488691597753, 39.526683254548701 ], [ 69.559609816368521, 40.103211371412982 ], [ 71.77487511585656, 40.145844428053778 ], [ 73.05541710804917, 40.866033026689465 ], [ 70.42002241402821, 41.519998277343142 ] ] ] } },
{ "type": "Feature", "properties": { "pop_est": 5351277, "continent": "Asia", "name": "Turkmenistan", "iso_a3": "TKM", "gdp_md_est": 94720.0 }, "geometry": { "type": "Polygon", "coordinates": [ [ [ 52.502459751196149, 41.78331553808637 ], [ 54.079417759014952, 42.324109402020831 ], [ 55.45525109235377, 41.25985911718584 ], [ 57.096391229079103, 41.322310085610567 ], [ 56.932215203687804, 41.826026109375604 ], [ 58.62901085799146, 42.751551011723052 ], [ 59.976422153569786, 42.223081976890207 ], [ 60.465952996670694, 41.220326646482548 ], [ 61.882714064384693, 41.084856879229406 ], [ 62.374260288345006, 40.053886216790389 ], [ 64.170223016216767, 38.892406724598246 ], [ 66.546150343700219, 37.974684963526869 ], [ 66.51860680528867, 37.362784328758792 ], [ 65.745630731066825, 37.661164048812068 ], [ 64.746105177677407, 37.111817735333304 ], [ 64.546479119733903, 36.312073269184268 ], [ 62.230651483005886, 35.270663967422294 ], [ 61.210817091725744, 35.650072333309225 ], [ 61.123070509694145, 36.491597194966246 ], [ 57.330433790928986, 38.02922943781094 ], [ 55.511578403551908, 37.964117133123167 ], [ 53.921597934795557, 37.198918361961262 ], [ 53.880928582581845, 38.952093003895357 ], [ 53.101027866432901, 39.290573635407128 ], [ 53.35780805849123, 39.975286363274449 ], [ 52.693972609269821, 40.033629055331971 ], [ 52.915251092343624, 40.876523342444727 ], [ 54.73684533063215, 40.951014919593462 ], [ 53.72171349469059, 42.12319143327003 ], [ 52.916749708880076, 41.868116563477329 ], [ 52.814688755103617, 41.135370591794711 ], [ 52.502459751196149, 41.78331553808637 ] ] ] } },
{ "type": "Feature", "properties": { "pop_est": 82021564, "continent": "Asia", "name": "Iran", "iso_a3": "IRN", "gdp_md_est": 1459000.0 }, "geometry": { "type": "Polygon", "coordinates": [ [ [ 48.567971225789755, 29.926778265903522 ], [ 47.334661492711909, 32.469155381799112 ], [ 45.416690708199042, 33.967797756479584 ], [ 46.0763403664048, 35.677383327775487 ], [ 44.225755649600529, 37.971584377589352 ], [ 44.109225294782341, 39.428136298168099 ], [ 44.793989699081948, 39.713002631177048 ], [ 46.143623081248819, 38.741201483712217 ], [ 48.060095249225242, 39.58223541926246 ], [ 48.010744256386481, 38.794014797514521 ], [ 49.199612257693339, 37.582874253889884 ], [ 50.842354363819709, 36.872814235983398 ], [ 53.825789829326418, 36.965030829408235 ], [ 56.619366082592819, 38.121394354803485 ], [ 61.123070509694145, 36.491597194966246 ], [ 60.536077915290775, 32.981268825811568 ], [ 61.781221551363444, 30.735850328081238 ], [ 60.874248488208792, 29.829238999952608 ], [ 62.727830438085988, 28.25964488373539 ], [ 63.316631707619592, 26.756532497661667 ], [ 61.87418745305655, 26.239974880472104 ], [ 61.49736290878419, 25.078237006118499 ], [ 57.397251417882387, 25.739902045183641 ], [ 56.970765822177555, 26.966106268821363 ], [ 54.715089552637266, 26.480657863871514 ], [ 53.493096958231348, 26.812368882753049 ], [ 51.520762566947418, 27.865689602158298 ], [ 50.115008579311585, 30.147772528599717 ], [ 48.567971225789755, 29.926778265903522 ] ] ] } },
{ "type": "Feature", "properties": { "pop_est": 18028549, "continent": "Asia", "name": "Syria", "iso_a3": "SYR", "gdp_md_est": 50280.0 }, "geometry": { "type": "Polygon", "coordinates": [ [ [ 35.719918247222751, 32.709192409794866 ], [ 36.611750115715893, 34.201788641897181 ], [ 35.905023227692226, 35.410009467097325 ], [ 36.739494256341402, 36.817520453431086 ], [ 42.349591098811771, 37.229872544904097 ], [ 41.289707472505455, 36.358814602192268 ], [ 41.006158888519934, 34.419372260062119 ], [ 36.834062127435544, 32.312937526980775 ], [ 35.719918247222751, 32.709192409794866 ] ] ] } },
{ "type": "Feature", "properties": { "pop_est": 3045191, "continent": "Asia", "name": "Armenia", "iso_a3": "ARM", "gdp_md_est": 26300.0 }, "geometry": { "type": "Polygon", "coordinates": [ [ [ 46.505719842317973, 38.770605373686294 ], [ 43.656436395040942, 40.253563951166186 ], [ 43.582745802592733, 41.092143256182567 ], [ 45.560351189970447, 40.812289537105926 ], [ 46.505719842317973, 38.770605373686294 ] ] ] } },
{ "type": "Feature", "properties": { "pop_est": 9960487, "continent": "Europe", "name": "Sweden", "iso_a3": "SWE", "gdp_md_est": 498100.0 }, "geometry": { "type": "Polygon", "coordinates": [ [ [ 11.027368605196868, 58.856149400459358 ], [ 12.300365838274899, 60.117932847730032 ], [ 12.631146681375185, 61.293571682370136 ], [ 11.992064243221563, 61.80036245385655 ], [ 11.930569288794231, 63.128317572676977 ], [ 12.579935336973934, 64.066218980558332 ], [ 13.571916131248713, 64.04911408146971 ], [ 13.919905226302204, 64.44542064071608 ], [ 13.555689731509091, 64.787027696381514 ], [ 16.768878614985482, 68.013936672631402 ], [ 17.729181756265348, 68.010551866316277 ], [ 17.993868442464333, 68.567391262477358 ], [ 19.878559604581255, 68.407194322372575 ], [ 20.025268995857886, 69.065138658312705 ], [ 20.645592889089528, 69.106247260200874 ], [ 23.539473097434438, 67.93600861273525 ], [ 23.903378533633802, 66.006927395279618 ], [ 22.18317345550193, 65.723740546320172 ], [ 21.21351687997722, 65.026005357515274 ], [ 21.369631381930958, 64.413587958424287 ], [ 17.847779168375212, 62.74940013289681 ], [ 17.119554884518124, 61.341165676510968 ], [ 18.787721795332089, 60.081914374422595 ], [ 17.86922488777634, 58.953766181058697 ], [ 16.829185011470088, 58.719826972073392 ], [ 15.879785597403783, 56.104301866268663 ], [ 14.666681349352075, 56.200885118222175 ], [ 14.100721062891465, 55.407781073622651 ], [ 12.942910597392057, 55.361737372450577 ], [ 11.027368605196868, 58.856149400459358 ] ] ] } },
{ "type": "Feature", "properties": { "pop_est": 9549747, "continent": "Europe", "name": "Belarus", "iso_a3": "BLR", "gdp_md_est": 165400.0 }, "geometry": { "type": "Polygon", "coordinates": [ [ [ 28.17670942557794, 56.169129950578792 ], [ 30.87390913262001, 55.550976467503411 ], [ 30.757533807098721, 54.811770941784317 ], [ 32.693643019346041, 53.351420803432177 ], [ 31.305200636528014, 53.073995876673209 ], [ 31.785992447555252, 52.101677569939703 ], [ 30.927549269338982, 52.04235342061439 ], [ 30.555117221811457, 51.319503485715657 ], [ 25.327787713327009, 51.910656032918553 ], [ 23.52707075368437, 51.578454087930311 ], [ 23.484127638449849, 53.912497667041137 ], [ 25.536353794056993, 54.282423407602529 ], [ 26.494331495883756, 55.615106919977634 ], [ 28.17670942557794, 56.169129950578792 ] ] ] } },
{ "type": "Feature", "properties": { "pop_est": 44033874, "continent": "Europe", "name": "Ukraine", "iso_a3": "UKR", "gdp_md_est": 352600.0 }, "geometry": { "type": "Polygon", "coordinates": [ [ [ 30.927549269338982, 52.04235342061439 ], [ 33.752699822735792, 52.335074571331802 ], [ 34.391730584457093, 51.768881740925906 ], [ 34.224815708154267, 51.255993150428878 ], [ 35.022183058417909, 51.207572333371502 ], [ 35.356116163887975, 50.57719737405904 ], [ 40.069040000000143, 49.60105 ], [ 39.738277622238854, 47.898937079451969 ], [ 34.96234174982385, 46.273196519549742 ], [ 35.012658970047369, 45.737725199825491 ], [ 31.67530724460255, 46.706245022155542 ], [ 30.748748813609211, 46.583100084004116 ], [ 29.603289015427436, 45.293308010431126 ], [ 28.679779493939382, 45.304030870131704 ], [ 28.233553501099038, 45.488283189468291 ], [ 28.862972446414062, 46.437889309263831 ], [ 30.024658644335375, 46.42393667254504 ], [ 28.670891147585166, 48.118148505234103 ], [ 27.522537469195157, 48.467119452501116 ], [ 24.866317172960578, 47.737525743188314 ], [ 22.710531447040495, 47.882193915389408 ], [ 22.085608351334855, 48.422264309271789 ], [ 22.776418898212626, 49.027395331409622 ], [ 22.518450148211603, 49.476773586619743 ], [ 23.922757195743259, 50.424881089878738 ], [ 23.52707075368437, 51.578454087930311 ], [ 25.327787713327009, 51.910656032918553 ], [ 30.555117221811457, 51.319503485715657 ], [ 30.927549269338982, 52.04235342061439 ] ] ] } },
{ "type": "Feature", "properties": { "pop_est": 38476269, "continent": "Europe", "name": "Poland", "iso_a3": "POL", "gdp_md_est": 1052000.0 }, "geometry": { "type": "Polygon", "coordinates": [ [ [ 23.484127638449849, 53.912497667041137 ], [ 23.799198846133379, 52.691099351606567 ], [ 23.199493849386187, 52.486977444053672 ], [ 24.029985792748903, 50.705406602575181 ], [ 22.518450148211603, 49.476773586619743 ], [ 22.776418898212626, 49.027395331409622 ], [ 21.607808058364213, 49.470107326854091 ], [ 19.825022820726872, 49.217125352569226 ], [ 17.554567091551121, 50.362145901076417 ], [ 16.176253289462267, 50.422607326857907 ], [ 15.016995883858669, 51.10667409932158 ], [ 14.074521111719434, 52.981262518925348 ], [ 14.119686313542559, 53.75702912049104 ], [ 17.622831658608675, 54.851535956432912 ], [ 23.484127638449849, 53.912497667041137 ] ] ] } },
{ "type": "Feature", "properties": { "pop_est": 8754413, "continent": "Europe", "name": "Austria", "iso_a3": "AUT", "gdp_md_est": 416600.0 }, "geometry": { "type": "Polygon", "coordinates": [ [ [ 16.979666782304037, 48.123497015976305 ], [ 16.011663852612656, 46.683610744811702 ], [ 14.632471551174829, 46.431817328469549 ], [ 12.153088006243054, 47.115393174826451 ], [ 11.048555942436536, 46.751358547546339 ], [ 9.479969516649021, 47.102809963563374 ], [ 9.89606814946319, 47.580196845075704 ], [ 12.932626987365948, 47.467645575543997 ], [ 12.884102817443875, 48.28914581968786 ], [ 13.595945672264437, 48.877171942737149 ], [ 16.499282667718774, 48.785808010445109 ], [ 16.979666782304037, 48.123497015976305 ] ] ] } },
{ "type": "Feature", "properties": { "pop_est": 9850845, "continent": "Europe", "name": "Hungary", "iso_a3": "HUN", "gdp_md_est": 267600.0 }, "geometry": { "type": "Polygon", "coordinates": [ [ [ 20.801293979584926, 48.623854071642384 ], [ 22.710531447040495, 47.882193915389408 ], [ 21.021952345471249, 46.316087958351901 ], [ 18.456062452882861, 45.75948110613615 ], [ 16.202298211337364, 46.852385972676963 ], [ 16.979666782304037, 48.123497015976305 ], [ 17.857132602620027, 47.758428860050373 ], [ 20.801293979584926, 48.623854071642384 ] ] ] } },
{ "type": "Feature", "properties": { "pop_est": 3474121, "continent": "Europe", "name": "Moldova", "iso_a3": "MDA", "gdp_md_est": 18540.0 }, "geometry": { "type": "Polygon", "coordinates": [ [ [ 26.619336785597795, 48.220726223333472 ], [ 28.670891147585166, 48.118148505234103 ], [ 30.024658644335375, 46.42393667254504 ], [ 28.862972446414062, 46.437889309263831 ], [ 28.233553501099038, 45.488283189468291 ], [ 28.128030226359044, 46.810476386088254 ], [ 26.619336785597795, 48.220726223333472 ] ] ] } },
{ "type": "Feature", "properties": { "pop_est": 21529967, "continent": "Europe", "name": "Romania", "iso_a3": "ROU", "gdp_md_est": 441000.0 }, "geometry": { "type": "Polygon", "coordinates": [ [ [ 28.233553501099038, 45.488283189468291 ], [ 29.603289015427436, 45.293308010431126 ], [ 28.8378577003202, 44.913873806328056 ], [ 28.558081495891997, 43.707461656258133 ], [ 27.242399529740908, 44.175986029632405 ], [ 22.944832391051847, 43.82378530534713 ], [ 22.705725538837356, 44.578002834647023 ], [ 21.562022739353608, 44.7689472519655 ], [ 20.220192498462836, 46.127468980486555 ], [ 23.142236362406805, 48.096341050806949 ], [ 24.866317172960578, 47.737525743188314 ], [ 26.619336785597795, 48.220726223333472 ], [ 28.128030226359044, 46.810476386088254 ], [ 28.233553501099038, 45.488283189468291 ] ] ] } },
{ "type": "Feature", "properties": { "pop_est": 2823859, "continent": "Europe", "name": "Lithuania", "iso_a3": "LTU", "gdp_md_est": 85620.0 }, "geometry": { "type": "Polygon", "coordinates": [ [ [ 26.494331495883756, 55.615106919977634 ], [ 25.536353794056993, 54.282423407602529 ], [ 23.484127638449849, 53.912497667041137 ], [ 22.757763706155259, 54.85657440858138 ], [ 21.268448927503467, 55.190481675835315 ], [ 21.055800408622417, 56.031076361711065 ], [ 24.86068444184076, 56.37252838807963 ], [ 26.494331495883756, 55.615106919977634 ] ] ] } },
{ "type": "Feature", "properties": { "pop_est": 1944643, "continent": "Europe", "name": "Latvia", "iso_a3": "LVA", "gdp_md_est": 50650.0 }, "geometry": { "type": "Polygon", "coordinates": [ [ [ 27.288184848751513, 57.474528306703832 ], [ 28.17670942557794, 56.169129950578792 ], [ 26.494331495883756, 55.615106919977634 ], [ 24.86068444184076, 56.37252838807963 ], [ 21.055800408622417, 56.031076361711065 ], [ 21.581866489353672, 57.411870632549935 ], [ 22.524341261492879, 57.753374335350763 ], [ 23.318452996522097, 57.006236477274868 ], [ 24.120729607853431, 57.025692654032767 ], [ 24.312862583114622, 57.793423570376973 ], [ 25.164593540149269, 57.970156968815189 ], [ 27.288184848751513, 57.474528306703832 ] ] ] } },
{ "type": "Feature", "properties": { "pop_est": 1251581, "continent": "Europe", "name": "Estonia", "iso_a3": "EST", "gdp_md_est": 38700.0 }, "geometry": { "type": "Polygon", "coordinates": [ [ [ 27.981126857000987, 59.475373334325269 ], [ 27.288184848751513, 57.474528306703832 ], [ 24.312862583114622, 57.793423570376973 ], [ 24.428927850042161, 58.383413397853289 ], [ 23.426560092876684, 58.612753404364625 ], [ 23.339795363058645, 59.187240302153384 ], [ 27.981126857000987, 59.475373334325269 ] ] ] } },
{ "type": "Feature", "properties": { "pop_est": 80594017, "continent": "Europe", "name": "Germany", "iso_a3": "DEU", "gdp_md_est": 3979000.0 }, "geometry": { "type": "Polygon", "coordinates": [ [ [ 14.119686313542559, 53.75702912049104 ], [ 15.016995883858669, 51.10667409932158 ], [ 12.240111118222558, 50.266337795607285 ], [ 13.595945672264437, 48.877171942737149 ], [ 12.884102817443875, 48.28914581968786 ], [ 12.932626987365948, 47.467645575543997 ], [ 7.466759067422231, 47.620581976911808 ], [ 8.099278598674744, 49.01778351500333 ], [ 6.658229607783568, 49.20195831969157 ], [ 6.043073357781111, 50.128051662794235 ], [ 5.988658074577813, 51.851615709025054 ], [ 6.842869500362383, 52.228440253297549 ], [ 7.100424838905269, 53.693932196662672 ], [ 8.121706170289485, 53.527792466844289 ], [ 8.800734490604668, 54.020785630908904 ], [ 8.526229282270208, 54.962743638725158 ], [ 9.921906365609118, 54.983104153048032 ], [ 10.93946699386845, 54.00869334575259 ], [ 12.518440382546714, 54.470370591847995 ], [ 14.119686313542559, 53.75702912049104 ] ] ] } },
{ "type": "Feature", "properties": { "pop_est": 7101510, "continent": "Europe", "name": "Bulgaria", "iso_a3": "BGR", "gdp_md_est": 143100.0 }, "geometry": { "type": "Polygon", "coordinates": [ [ [ 22.657149692482989, 44.234923000661283 ], [ 22.944832391051847, 43.82378530534713 ], [ 27.242399529740908, 44.175986029632405 ], [ 28.558081495891997, 43.707461656258133 ], [ 27.673897739378049, 42.577892361006221 ], [ 27.99672041190539, 42.007358710287789 ], [ 26.1170418637208, 41.826904608724561 ], [ 26.106138136507127, 41.328898830727837 ], [ 22.952377150166452, 41.337993882811148 ], [ 22.380525750424592, 42.320259507815088 ], [ 22.986018507588483, 43.211161200527101 ], [ 22.657149692482989, 44.234923000661283 ] ] ] } },
{ "type": "Feature", "properties": { "pop_est": 10768477, "continent": "Europe", "name": "Greece", "iso_a3": "GRC", "gdp_md_est": 290500.0 }, "geometry": { "type": "MultiPolygon", "coordinates": [ [ [ [ 26.290002882601698, 35.299990342747932 ], [ 24.724982130642303, 34.919987697889638 ], [ 23.514978468528081, 35.279991563450977 ], [ 23.699980096133004, 35.70500438083549 ], [ 26.290002882601698, 35.299990342747932 ] ] ], [ [ [ 21.020040317476401, 40.84272695572588 ], [ 26.604195590936229, 41.562114569661105 ], [ 26.056942172965339, 40.824123440100763 ], [ 23.714811232200759, 40.687129218095095 ], [ 24.40799889496401, 40.124992987624069 ], [ 22.626298862404724, 40.25656118423916 ], [ 24.040011020613576, 37.655014553369426 ], [ 23.115002882589124, 37.920011298162194 ], [ 23.409971958111043, 37.409990749657368 ], [ 22.774971958108608, 37.305010077456529 ], [ 23.15422529469862, 36.422505804992056 ], [ 22.490028110451078, 36.410000108377403 ], [ 21.670026482843639, 36.844986477194198 ], [ 20.15001590341052, 39.624997666983973 ], [ 21.020040317476401, 40.84272695572588 ] ] ] ] } },
{ "type": "Feature", "properties": { "pop_est": 80845215, "continent": "Asia", "name": "Turkey", "iso_a3": "TUR", "gdp_md_est": 1670000.0 }, "geometry": { "type": "MultiPolygon", "coordinates": [ [ [ [ 44.772677101595043, 37.170436925616841 ], [ 36.739494256341402, 36.817520453431086 ], [ 36.149762811026534, 35.821534735653671 ], [ 35.782084995269855, 36.274995429014851 ], [ 36.160821567536999, 36.650605577128331 ], [ 34.714553256984345, 36.795532131490901 ], [ 34.026894972476384, 36.219960028624016 ], [ 30.621624790171097, 36.677864895162301 ], [ 29.699975620245539, 36.144357408180994 ], [ 27.641186557737317, 36.658822129862742 ], [ 26.318218214633045, 38.208133246405396 ], [ 26.804700148228733, 38.985760199533516 ], [ 26.170785353304328, 39.463612168936464 ], [ 27.280019972449391, 40.420013739578309 ], [ 28.81997765474722, 40.460011298172212 ], [ 29.240003696415584, 41.219990749672668 ], [ 31.145933872204441, 41.087621568357022 ], [ 33.513282911927462, 42.018960069337311 ], [ 35.167703891751785, 42.040224921225416 ], [ 38.347664829264517, 40.948586127275732 ], [ 42.619548781104491, 41.583172715819941 ], [ 44.793989699081948, 39.713002631177048 ], [ 44.109225294782341, 39.428136298168099 ], [ 44.772677101595043, 37.170436925616841 ] ] ], [ [ [ 26.1170418637208, 41.826904608724561 ], [ 27.99672041190539, 42.007358710287789 ], [ 28.988442824018733, 41.299934190428189 ], [ 26.35800906749779, 40.151993923496505 ], [ 26.056942172965339, 40.824123440100763 ], [ 26.604195590936229, 41.562114569661105 ], [ 26.1170418637208, 41.826904608724561 ] ] ] ] } },
{ "type": "Feature", "properties": { "pop_est": 3047987, "continent": "Europe", "name": "Albania", "iso_a3": "ALB", "gdp_md_est": 33900.0 }, "geometry": { "type": "Polygon", "coordinates": [ [ [ 21.020040317476401, 40.84272695572588 ], [ 20.15001590341052, 39.624997666983973 ], [ 19.406081984136733, 40.250773423822466 ], [ 19.304486118250793, 42.19574514420782 ], [ 19.738051385179631, 42.688247382165571 ], [ 20.52295, 42.21787 ], [ 21.020040317476401, 40.84272695572588 ] ] ] } },
{ "type": "Feature", "properties": { "pop_est": 4292095, "continent": "Europe", "name": "Croatia", "iso_a3": "HRV", "gdp_md_est": 94240.0 }, "geometry": { "type": "Polygon", "coordinates": [ [ [ 16.564808383864857, 46.50375092221983 ], [ 18.829824792873946, 45.908872358025285 ], [ 19.390475701584592, 45.236515611342384 ], [ 19.005484597557594, 44.86023449354299 ], [ 15.959367303133376, 45.233776760430942 ], [ 15.750026075918981, 44.818711656262565 ], [ 18.450016310304818, 42.479991360029317 ], [ 16.015384555737683, 43.507215481127218 ], [ 14.901602410550879, 45.076060289076111 ], [ 13.656975538801191, 45.136935126315961 ], [ 15.327674594797429, 45.452316392593332 ], [ 16.564808383864857, 46.50375092221983 ] ] ] } },
{ "type": "Feature", "properties": { "pop_est": 8236303, "continent": "Europe", "name": "Switzerland", "iso_a3": "CHE", "gdp_md_est": 496300.0 }, "geometry": { "type": "Polygon", "coordinates": [ [ [ 9.59422610844635, 47.52505809182027 ], [ 10.363378126678612, 46.483571275409858 ], [ 7.273850945676656, 45.776947740250776 ], [ 6.022609490593538, 46.272989813820473 ], [ 6.736571079138059, 47.541801255882845 ], [ 9.59422610844635, 47.52505809182027 ] ] ] } },
{ "type": "Feature", "properties": { "pop_est": 594130, "continent": "Europe", "name": "Luxembourg", "iso_a3": "LUX", "gdp_md_est": 58740.0 }, "geometry": { "type": "Polygon", "coordinates": [ [ [ 5.782417433300907, 50.09032786722122 ], [ 6.186320428094177, 49.463802802114515 ], [ 5.674051954784829, 49.529483547557504 ], [ 5.782417433300907, 50.09032786722122 ] ] ] } },
{ "type": "Feature", "properties": { "pop_est": 11491346, "continent": "Europe", "name": "Belgium", "iso_a3": "BEL", "gdp_md_est": 508600.0 }, "geometry": { "type": "Polygon", "coordinates": [ [ [ 6.15665815595878, 50.803721015010581 ], [ 5.674051954784829, 49.529483547557504 ], [ 2.513573032246143, 51.148506171261829 ], [ 4.973991326526914, 51.475023708698131 ], [ 6.15665815595878, 50.803721015010581 ] ] ] } },
{ "type": "Feature", "properties": { "pop_est": 17084719, "continent": "Europe", "name": "Netherlands", "iso_a3": "NLD", "gdp_md_est": 870800.0 }, "geometry": { "type": "Polygon", "coordinates": [ [ [ 6.905139601274129, 53.482162177130647 ], [ 6.842869500362383, 52.228440253297549 ], [ 5.988658074577813, 51.851615709025054 ], [ 6.15665815595878, 50.803721015010581 ], [ 4.973991326526914, 51.475023708698131 ], [ 3.314971144228537, 51.34575511331991 ], [ 4.705997348661185, 53.091798407597764 ], [ 6.905139601274129, 53.482162177130647 ] ] ] } },
{ "type": "Feature", "properties": { "pop_est": 10839514, "continent": "Europe", "name": "Portugal", "iso_a3": "PRT", "gdp_md_est": 297100.0 }, "geometry": { "type": "Polygon", "coordinates": [ [ [ -9.034817674180246, 41.880570583659676 ], [ -8.263856980817792, 42.28046865495034 ], [ -6.389087693700915, 41.381815497394655 ], [ -7.498632371439726, 39.629571031241809 ], [ -7.029281175148796, 38.075764065089771 ], [ -7.855613165711986, 36.838268540996268 ], [ -8.898856980820327, 36.868809312480778 ], [ -8.83999752443988, 38.266243394517616 ], [ -9.526570603869715, 38.737429104154913 ], [ -8.768684047877102, 40.760638943030187 ], [ -9.034817674180246, 41.880570583659676 ] ] ] } },
{ "type": "Feature", "properties": { "pop_est": 48958159, "continent": "Europe", "name": "Spain", "iso_a3": "ESP", "gdp_md_est": 1690000.0 }, "geometry": { "type": "Polygon", "coordinates": [ [ [ -7.453725551778092, 37.097787583966067 ], [ -7.029281175148796, 38.075764065089771 ], [ -7.498632371439726, 39.629571031241809 ], [ -6.389087693700915, 41.381815497394655 ], [ -8.263856980817792, 42.28046865495034 ], [ -9.034817674180246, 41.880570583659676 ], [ -9.392883673530648, 43.026624660812701 ], [ -7.97818966310831, 43.748337714200993 ], [ -1.901351284177764, 43.422802028978339 ], [ 0.338046909190581, 42.57954600683955 ], [ 2.985998976258458, 42.473015041669861 ], [ 3.039484083680549, 41.892120266276905 ], [ 2.091841668312185, 41.226088568683096 ], [ 0.810524529635188, 41.014731960609339 ], [ -0.278711310212941, 39.30997813573272 ], [ 0.111290724293838, 38.73851430923304 ], [ -2.146452602538119, 36.674144192037289 ], [ -4.368900926114719, 36.677839056946155 ], [ -5.377159796561457, 35.946850083961465 ], [ -7.453725551778092, 37.097787583966067 ] ] ] } },
{ "type": "Feature", "properties": { "pop_est": 5011102, "continent": "Europe", "name": "Ireland", "iso_a3": "IRL", "gdp_md_est": 322000.0 }, "geometry": { "type": "Polygon", "coordinates": [ [ [ -6.197884894220991, 53.867565009163364 ], [ -6.032985398777611, 53.153164170944351 ], [ -6.788856573910849, 52.260117906292336 ], [ -9.977085740590269, 51.820454820353078 ], [ -9.166282517930782, 52.864628811242682 ], [ -9.688524542672454, 53.881362616585299 ], [ -7.572167934591064, 55.131622219454869 ], [ -7.572167934591064, 54.059956366586 ], [ -6.197884894220991, 53.867565009163364 ] ] ] } },
{ "type": "Feature", "properties": { "pop_est": 279070, "continent": "Oceania", "name": "New Caledonia", "iso_a3": "NCL", "gdp_md_est": 10770.0 }, "geometry": { "type": "Polygon", "coordinates": [ [ [ 164.029605747736014, -20.105645847252354 ], [ 167.120011428086912, -22.159990736583492 ], [ 165.474375441752215, -21.679606621998232 ], [ 164.029605747736014, -20.105645847252354 ] ] ] } },
{ "type": "Feature", "properties": { "pop_est": 647581, "continent": "Oceania", "name": "Solomon Is.", "iso_a3": "SLB", "gdp_md_est": 1198.0 }, "geometry": { "type": "MultiPolygon", "coordinates": [ [ [ [ 161.319796991214758, -10.204751478723168 ], [ 162.398645868172196, -10.826367282762106 ], [ 161.700032180018354, -10.820011081590211 ], [ 161.319796991214758, -10.204751478723168 ] ] ], [ [ [ 160.920028111004854, -8.32000864017396 ], [ 161.529396600590587, -9.784312025596485 ], [ 160.579997186524338, -8.32000864017396 ], [ 160.920028111004854, -8.32000864017396 ] ] ], [ [ [ 160.852228631837875, -9.872937106977048 ], [ 159.849447463214119, -9.794027194867354 ], [ 159.70294477766663, -9.242949720906815 ], [ 160.362956170898428, -9.400304457235571 ], [ 160.852228631837875, -9.872937106977048 ] ] ], [ [ [ 158.359977655265425, -7.320017998893917 ], [ 159.917401971677918, -8.538289890174831 ], [ 158.211149530264834, -7.421872246941199 ], [ 158.359977655265425, -7.320017998893917 ] ] ], [ [ [ 157.140000441718882, -7.021638278840641 ], [ 157.538425734689213, -7.347819919466943 ], [ 156.542827590153991, -6.599338474151452 ], [ 157.140000441718882, -7.021638278840641 ] ] ] ] } },
{ "type": "Feature", "properties": { "pop_est": 4510327, "continent": "Oceania", "name": "New Zealand", "iso_a3": "NZL", "gdp_md_est": 174800.0 }, "geometry": { "type": "MultiPolygon", "coordinates": [ [ [ [ 177.206992629299179, -39.145775648760818 ], [ 176.012440220440226, -41.289624118821472 ], [ 175.239567499082966, -41.688307793953278 ], [ 174.650972935278475, -41.281820977545401 ], [ 175.227630243223558, -40.459235528323362 ], [ 173.824046665743936, -39.508854262043513 ], [ 174.57480187408035, -38.797683200842755 ], [ 174.697016636450599, -37.381128838857919 ], [ 172.636005487353771, -34.529106540669432 ], [ 174.329390497126212, -35.265495700828623 ], [ 175.958490025127503, -37.55538176854612 ], [ 178.517093540762744, -37.695373223624799 ], [ 177.970460239979275, -39.166342868812976 ], [ 177.206992629299179, -39.145775648760818 ] ] ], [ [ [ 169.667814569373149, -43.555325616226376 ], [ 172.798579543344033, -40.493962090823501 ], [ 173.247234328502088, -41.331998793300812 ], [ 173.95840538970279, -40.926700534835646 ], [ 174.247586704808157, -41.349155368821712 ], [ 172.711246372770745, -43.372287693048555 ], [ 173.080112746470149, -43.853343601253606 ], [ 171.452925246463622, -44.242518812843699 ], [ 170.616697219116531, -45.908928724959736 ], [ 169.332331170934282, -46.641235446967876 ], [ 166.676886021184174, -46.219917494492236 ], [ 167.046424188503295, -45.110941257508635 ], [ 169.667814569373149, -43.555325616226376 ] ] ] ] } },
{ "type": "Feature", "properties": { "pop_est": 23232413, "continent": "Oceania", "name": "Australia", "iso_a3": "AUS", "gdp_md_est": 1189000.0 }, "geometry": { "type": "MultiPolygon", "coordinates": [ [ [ [ 146.364120721623692, -41.137695407883363 ], [ 148.289067824495987, -40.875437514002108 ], [ 147.914051955353841, -43.211522312188535 ], [ 146.048377720320332, -43.549744561538844 ], [ 144.743754510679707, -40.70397511165767 ], [ 146.364120721623692, -41.137695407883363 ] ] ], [ [ [ 131.326330601120844, -31.495803318001041 ], [ 124.221647983904916, -32.959486586236068 ], [ 123.659666782730767, -33.890179131812708 ], [ 119.893695103028222, -33.976065362281801 ], [ 118.024971958489488, -35.0647327613747 ], [ 116.625109084134948, -35.025096937806829 ], [ 115.026808709779573, -34.196517022438933 ], [ 115.801645135563945, -32.205062351207005 ], [ 113.338953078262421, -26.116545098578484 ], [ 113.778357782040217, -26.549025160429174 ], [ 113.440962355606558, -25.621278171493167 ], [ 114.232852004047231, -26.298446140245879 ], [ 113.393523390762638, -24.384764499613226 ], [ 113.736551548316086, -22.475475355725379 ], [ 114.149756300921894, -21.755881036061041 ], [ 114.225307244932623, -22.517488295178673 ], [ 116.711615431791529, -20.701681817306824 ], [ 120.856220330896676, -19.683707777589206 ], [ 123.012574497571933, -16.405199883695886 ], [ 123.433789097183038, -17.268558037996215 ], [ 123.859344517106592, -17.069035332917288 ], [ 123.503242222183289, -16.596506036040402 ], [ 123.817073195491844, -16.111316013252001 ], [ 124.258286574399847, -16.327943617419535 ], [ 125.685796340030549, -14.23065561285385 ], [ 127.065867140817318, -13.817967624570954 ], [ 128.359689976108939, -14.869169610252243 ], [ 129.621473423379655, -14.969783623924522 ], [ 129.409600050982931, -14.42066985439107 ], [ 130.617795037966971, -12.536392103732489 ], [ 132.575298293183096, -12.114040622611007 ], [ 131.824698114143644, -11.273781833545151 ], [ 132.357223748911395, -11.128519382372696 ], [ 135.298491245667947, -12.248606052299046 ], [ 136.492475213771684, -11.857208754120398 ], [ 136.951620314684988, -12.351958916882793 ], [ 135.961758254134168, -13.324509372615852 ], [ 135.500184360903177, -14.997740573794424 ], [ 140.215245396078274, -17.710804945550066 ], [ 141.274095493738741, -16.38887013109165 ], [ 141.686990187750837, -12.407614434461145 ], [ 142.51526004452495, -10.668185723516686 ], [ 143.922099237238911, -14.548310642151996 ], [ 144.563713820574833, -14.171176039285903 ], [ 145.374723748963504, -14.98497649501833 ], [ 146.387478469019641, -18.958274021075887 ], [ 148.848413527623222, -20.391209812097244 ], [ 149.678337030230693, -22.342511895438385 ], [ 150.727265252891129, -22.402404880464665 ], [ 150.899554478152254, -23.462236830338696 ], [ 152.855197381805908, -25.267501316023001 ], [ 153.569469028944184, -28.110066827102081 ], [ 152.891577590139377, -31.640445651985999 ], [ 150.32821984273329, -35.671879164371916 ], [ 149.997283970336127, -37.42526051203518 ], [ 146.317921991154776, -39.035756524411411 ], [ 144.876976353128157, -38.417448012039152 ], [ 145.032212355732952, -37.896187839511022 ], [ 143.60997358619602, -38.8094654274053 ], [ 140.638578729413268, -38.019332777662555 ], [ 139.574147577065276, -36.138362318670659 ], [ 138.120747918856352, -35.61229623793939 ], [ 138.207564325106716, -34.384722588845932 ], [ 136.829405552314711, -35.260534763328607 ], [ 137.890116001537706, -33.640478610978377 ], [ 137.810327590079055, -32.900007012668119 ], [ 135.989043410384284, -34.890118096660458 ], [ 135.208212518454047, -34.478670342752565 ], [ 134.273902622617015, -32.617233575166992 ], [ 131.326330601120844, -31.495803318001041 ] ] ] ] } },
{ "type": "Feature", "properties": { "pop_est": 22409381, "continent": "Asia", "name": "Sri Lanka", "iso_a3": "LKA", "gdp_md_est": 236700.0 }, "geometry": { "type": "Polygon", "coordinates": [ [ [ 81.787959018891399, 7.523055324733164 ], [ 81.637322218760588, 6.481775214051922 ], [ 80.348356968104412, 5.968369859232155 ], [ 79.695166863935128, 8.200843410673386 ], [ 80.147800734379643, 9.824077663609557 ], [ 81.787959018891399, 7.523055324733164 ] ] ] } },
{ "type": "Feature", "properties": { "pop_est": 1379302771, "continent": "Asia", "name": "China", "iso_a3": "CHN", "gdp_md_est": 21140000.0 }, "geometry": { "type": "MultiPolygon", "coordinates": [ [ [ [ 109.475209588663645, 18.197700913968575 ], [ 108.655207961056163, 18.507681993071387 ], [ 108.62621748254044, 19.367887885001906 ], [ 110.786550734502214, 20.077534491450052 ], [ 110.339187860151469, 18.678395087147592 ], [ 109.475209588663645, 18.197700913968575 ] ] ], [ [ [ 80.259990268885304, 42.349999294599058 ], [ 80.180150180994303, 42.920067857426943 ], [ 80.866206496101256, 43.180362046881008 ], [ 79.966106398441411, 44.917516994804629 ], [ 82.458925815769064, 45.539649563166506 ], [ 83.180483839860472, 47.330031236350862 ], [ 85.164290399113241, 47.000955715516099 ], [ 85.768232863308299, 48.455750637396989 ], [ 87.751264276076711, 49.297197984405486 ], [ 88.013832228551735, 48.599462795600616 ], [ 90.280825636763922, 47.69354909930793 ], [ 90.970809360725013, 46.88814606382293 ], [ 90.585768263718279, 45.719716091487527 ], [ 90.945539585334302, 45.286073309910279 ], [ 95.306875441471533, 44.241330878265472 ], [ 96.349395786527808, 42.725635280928685 ], [ 100.845865513108265, 42.663804429691453 ], [ 104.964993931093474, 41.597409572916348 ], [ 109.243595819131457, 42.5194463160841 ], [ 111.82958784388137, 43.743118394539522 ], [ 111.348376906379457, 44.45744171811009 ], [ 111.873306105600307, 45.102079372735062 ], [ 113.463906691544167, 44.808893134127118 ], [ 117.421701287914189, 46.67273285581426 ], [ 119.663269891438759, 46.692679958678923 ], [ 118.064142694166719, 48.066730455103688 ], [ 115.742837355615791, 47.726544501326288 ], [ 115.485282017073061, 48.135382595403442 ], [ 116.678800897286123, 49.888531399121405 ], [ 117.879244419426399, 49.510983384796965 ], [ 119.288460728025797, 50.142882798862004 ], [ 120.7382, 51.96411 ], [ 120.177088657716808, 52.753886216841238 ], [ 122.24574791879283, 53.431725979213695 ], [ 125.946348911646169, 52.792798570356979 ], [ 127.65740000000028, 49.760270000000105 ], [ 129.397817824420429, 49.440600084015443 ], [ 130.582293328982416, 48.72968740497614 ], [ 130.987260000000106, 47.79013 ], [ 135.026311476786645, 48.478229885443874 ], [ 133.097120000000132, 45.14409 ], [ 131.02519000000018, 44.96796 ], [ 131.144687941614905, 42.92998973242689 ], [ 130.633866408409745, 42.903014634770528 ], [ 130.639999706909549, 42.395024275221793 ], [ 129.994267205933227, 42.985386867843786 ], [ 128.05221520397231, 41.994284572917948 ], [ 128.208433058790661, 41.466771552082491 ], [ 126.869083286649868, 41.81656932226619 ], [ 124.265624627785314, 39.928493353834156 ], [ 121.054554478032856, 38.897471014962846 ], [ 122.168595005381064, 40.422442531896024 ], [ 121.640358514493528, 40.946389878903332 ], [ 117.532702264477109, 38.737635809884083 ], [ 119.702802362142052, 37.156388658185051 ], [ 120.823457472823605, 37.870427761378011 ], [ 122.35793745329849, 37.454484157860719 ], [ 122.5199947449658, 36.93061432550185 ], [ 121.104163853033072, 36.651329047180425 ], [ 119.151208123858595, 34.909859117160437 ], [ 120.227524855633732, 34.360331936168649 ], [ 121.90814578663003, 31.692174384074647 ], [ 121.891919386890379, 30.949351508095106 ], [ 121.264257440273283, 30.676267401648701 ], [ 122.0921138855891, 29.832520453403149 ], [ 121.684438511238511, 28.225512600206617 ], [ 121.125661248866493, 28.135673122667185 ], [ 118.656871372554519, 24.547390855400241 ], [ 115.890735304835118, 22.78287323657807 ], [ 110.785465529424073, 21.397143866455338 ], [ 110.444039341271676, 20.341032619706329 ], [ 109.889861281373612, 20.282457383703488 ], [ 109.864488153118316, 21.395050970947523 ], [ 107.043420037872636, 21.811898912029914 ], [ 106.725403273548466, 22.794267889898421 ], [ 105.329209425886631, 23.352063300056912 ], [ 101.652017856861519, 22.318198757409547 ], [ 101.803119744882935, 21.174366766845068 ], [ 101.270025669359967, 21.201651923095184 ], [ 101.15003299357825, 21.849984442629022 ], [ 100.416537713627378, 21.558839423096614 ], [ 99.240898878987252, 22.118314317304581 ], [ 99.531992222087396, 22.949038804612581 ], [ 98.898749220782776, 23.142722072842531 ], [ 98.660262485755766, 24.063286037689966 ], [ 97.604719679761985, 23.897404690033042 ], [ 97.724609002679145, 25.083637193293001 ], [ 98.671838006589155, 25.918702500913525 ], [ 98.682690057370465, 27.508812160750619 ], [ 97.911987746169444, 28.335945136014345 ], [ 96.248833449287787, 28.411030992134442 ], [ 96.586590610747493, 28.83097951915434 ], [ 96.117678664131034, 29.452802028922466 ], [ 94.565990431702943, 29.277438055939985 ], [ 92.503118931043645, 27.896876329046449 ], [ 90.015828891971182, 28.296438503527217 ], [ 88.814248488320558, 27.299315904239364 ], [ 88.730325962278556, 28.086864732367516 ], [ 85.823319940131512, 28.203575954698707 ], [ 78.738894484374015, 31.515906073527063 ], [ 78.458446486326011, 32.618164374312727 ], [ 79.17612877799553, 32.483779812137712 ], [ 79.208891636068586, 32.994394639613716 ], [ 78.912268914713223, 34.321936346975789 ], [ 77.837450799474567, 35.494009507787766 ], [ 76.192848341785691, 35.898403428687828 ], [ 74.980002475895418, 37.419990139305895 ], [ 74.864815708316826, 38.378846340481601 ], [ 73.928852166646436, 38.505815334622739 ], [ 73.675379266254794, 39.431236884105601 ], [ 74.776862420556057, 40.366425279291633 ], [ 76.526368035797447, 40.427946071935118 ], [ 76.904484490877081, 41.066485907549648 ], [ 80.259990268885304, 42.349999294599058 ] ] ] ] } },
{ "type": "Feature", "properties": { "pop_est": 23508428, "continent": "Asia", "name": "Taiwan", "iso_a3": "TWN", "gdp_md_est": 1127000.0 }, "geometry": { "type": "Polygon", "coordinates": [ [ [ 121.777817824389928, 24.3942735865194 ], [ 121.175632358892742, 22.790857245367167 ], [ 120.747079705896226, 21.970571397382113 ], [ 120.106188592612398, 23.556262722258236 ], [ 121.495044386888779, 25.295458889257386 ], [ 121.777817824389928, 24.3942735865194 ] ] ] } },
{ "type": "Feature", "properties": { "pop_est": 62137802, "continent": "Europe", "name": "Italy", "iso_a3": "ITA", "gdp_md_est": 2221000.0 }, "geometry": { "type": "MultiPolygon", "coordinates": [ [ [ [ 8.966305779667806, 46.036931871111193 ], [ 12.153088006243054, 47.115393174826451 ], [ 13.806475457421527, 46.509306138691215 ], [ 13.937630242578308, 45.591015936864622 ], [ 12.328581170306251, 45.381778062514826 ], [ 12.589237094786455, 44.091365871754462 ], [ 15.142569614327925, 41.955139675456849 ], [ 15.926191033601896, 41.961315009115715 ], [ 15.889345737377797, 41.541082261718216 ], [ 18.376687452882521, 40.35562490494263 ], [ 18.293385044028042, 39.810774441073264 ], [ 16.869595981522338, 40.44223460546381 ], [ 16.448743116937322, 39.795400702466438 ], [ 17.17148969897147, 39.424699815420681 ], [ 17.052840610429314, 38.902871202137348 ], [ 15.684086948314473, 37.908849188787016 ], [ 16.109332309644287, 38.964547024077703 ], [ 15.413612501698793, 40.048356838535156 ], [ 11.191906365614216, 42.355425319989699 ], [ 10.200028924203991, 43.920006822274601 ], [ 8.888946160526871, 44.366336167979512 ], [ 7.435184767291872, 43.693844916349221 ], [ 6.843592970414505, 45.991146552100609 ], [ 8.966305779667806, 46.036931871111193 ] ] ], [ [ [ 12.570943637755136, 38.126381130519661 ], [ 15.520376010813806, 38.231155096991429 ], [ 15.099988234119422, 36.619987290995397 ], [ 12.431003859108756, 37.612949937483748 ], [ 12.570943637755136, 38.126381130519661 ] ] ], [ [ [ 8.159998406617689, 40.950007229163759 ], [ 9.210011834356266, 41.209991360024176 ], [ 9.80997521326492, 40.500008856766129 ], [ 9.669518670295616, 39.17737641047178 ], [ 8.806935662479674, 38.906617743478506 ], [ 8.159998406617689, 40.950007229163759 ] ] ] ] } },
{ "type": "Feature", "properties": { "pop_est": 5605948, "continent": "Europe", "name": "Denmark", "iso_a3": "DNK", "gdp_md_est": 264800.0 }, "geometry": { "type": "MultiPolygon", "coordinates": [ [ [ [ 9.921906365609118, 54.983104153048032 ], [ 8.526229282270208, 54.962743638725158 ], [ 8.089976840862221, 56.540011705137587 ], [ 10.580005730846125, 57.73001658795485 ], [ 10.250000034230226, 56.890016181050441 ], [ 10.912181837618306, 56.458621324277885 ], [ 9.649984978889279, 55.469999498102055 ], [ 9.921906365609118, 54.983104153048032 ] ] ], [ [ [ 12.370904168353292, 56.111407375708794 ], [ 12.690006137755603, 55.609990953180741 ], [ 12.089991082414684, 54.800014553437919 ], [ 11.043543328504226, 55.36486379660424 ], [ 10.903913608451603, 55.779954738988721 ], [ 12.370904168353292, 56.111407375708794 ] ] ] ] } },
{ "type": "Feature", "properties": { "pop_est": 64769452, "continent": "Europe", "name": "United Kingdom", "iso_a3": "GBR", "gdp_md_est": 2788000.0 }, "geometry": { "type": "MultiPolygon", "coordinates": [ [ [ [ -6.197884894220991, 53.867565009163364 ], [ -7.572167934591064, 54.059956366586 ], [ -7.572167934591064, 55.131622219454869 ], [ -5.661948614921968, 54.554603176483809 ], [ -6.197884894220991, 53.867565009163364 ] ] ], [ [ [ -3.093830673788716, 53.404547400669685 ], [ -2.945008510744344, 53.984999701546712 ], [ -3.630005458989331, 54.615012925833014 ], [ -5.082526617849283, 55.061600653699372 ], [ -5.047980922862109, 55.783985500707558 ], [ -5.586397670911197, 55.311146145236819 ], [ -6.149980841486411, 56.785009670633485 ], [ -5.009998745127632, 58.630013332750082 ], [ -3.005004848635281, 58.635000108466329 ], [ -4.073828497728073, 57.553024807355257 ], [ -1.959280564776918, 57.684799709699519 ], [ -3.119003058271176, 55.973793036515474 ], [ -2.085009324543023, 55.9099984808513 ], [ 0.469976840831805, 52.929999498092002 ], [ 1.681530795914682, 52.739520168664001 ], [ 1.050561557630942, 51.806760565795685 ], [ 1.449865349950244, 51.289427802121907 ], [ 0.550333693045502, 50.765738837275876 ], [ -5.776566941745273, 50.159677639356858 ], [ -3.414850633142123, 51.42600861266925 ], [ -5.267295701508942, 51.991400458374585 ], [ -4.222346564134909, 52.301355699261364 ], [ -4.77001339356417, 52.840004991255626 ], [ -4.579999152026971, 53.495003770555172 ], [ -3.093830673788716, 53.404547400669685 ] ] ] ] } },
{ "type": "Feature", "properties": { "pop_est": 339747, "continent": "Europe", "name": "Iceland", "iso_a3": "ISL", "gdp_md_est": 16150.0 }, "geometry": { "type": "Polygon", "coordinates": [ [ [ -14.508695441129234, 66.455892239031428 ], [ -14.739637417041607, 65.808748277440301 ], [ -13.60973222497981, 65.126671047619865 ], [ -18.656245896874992, 63.49638296167582 ], [ -22.762971971110158, 63.960178941495386 ], [ -21.778484259517683, 64.402115790455511 ], [ -23.955043911219111, 64.891129869233495 ], [ -22.227423265053332, 65.378593655042735 ], [ -24.326184047939336, 65.611189276788465 ], [ -23.650514695723089, 66.262519029395222 ], [ -22.134922451250887, 66.41046865504687 ], [ -20.57628373867955, 65.732112128351432 ], [ -19.05684160000159, 66.276600857194765 ], [ -14.508695441129234, 66.455892239031428 ] ] ] } },
{ "type": "Feature", "properties": { "pop_est": 9961396, "continent": "Asia", "name": "Azerbaijan", "iso_a3": "AZE", "gdp_md_est": 167900.0 }, "geometry": { "type": "MultiPolygon", "coordinates": [ [ [ [ 46.404950799348825, 41.860675157227305 ], [ 47.815665724484631, 41.151416124021353 ], [ 48.584353396113421, 41.808868791620668 ], [ 50.392821079312682, 40.256561184239118 ], [ 49.569202101444795, 40.176100979160665 ], [ 48.883249139202491, 38.320245266262617 ], [ 48.010744256386481, 38.794014797514521 ], [ 48.060095249225242, 39.58223541926246 ], [ 46.505719842317973, 38.770605373686294 ], [ 46.483498976432458, 39.464154771475535 ], [ 45.610012241402927, 39.899993801425182 ], [ 45.891907179555091, 40.218475653639999 ], [ 44.972480096218078, 41.248128567055595 ], [ 46.501637404166928, 41.064444688474111 ], [ 46.404950799348825, 41.860675157227305 ] ] ], [ [ [ 46.143623081248819, 38.741201483712217 ], [ 45.457721795438772, 38.874139105783058 ], [ 44.793989699081948, 39.713002631177048 ], [ 45.739978468616982, 39.473999131827128 ], [ 46.143623081248819, 38.741201483712217 ] ] ] ] } },
{ "type": "Feature", "properties": { "pop_est": 4926330, "continent": "Asia", "name": "Georgia", "iso_a3": "GEO", "gdp_md_est": 37270.0 }, "geometry": { "type": "Polygon", "coordinates": [ [ [ 39.955008579270924, 43.434997666999223 ], [ 45.470279168485717, 42.502780666669977 ], [ 46.637908156120581, 41.181672675128226 ], [ 41.554084100110657, 41.535656236327569 ], [ 41.453470086438386, 42.64512339941794 ], [ 39.955008579270924, 43.434997666999223 ] ] ] } },
{ "type": "Feature", "properties": { "pop_est": 104256076, "continent": "Asia", "name": "Philippines", "iso_a3": "PHL", "gdp_md_est": 801900.0 }, "geometry": { "type": "MultiPolygon", "coordinates": [ [ [ [ 121.262190382981586, 12.205560207564403 ], [ 120.323436313967449, 13.466413479053825 ], [ 121.527393833503496, 13.069590155484519 ], [ 121.262190382981586, 12.205560207564403 ] ] ], [ [ [ 122.5860889018671, 9.981044826696134 ], [ 122.947410516451896, 10.881868394408061 ], [ 123.498849725438447, 10.94062449792392 ], [ 123.337774285984722, 10.267383938025404 ], [ 124.077935825701203, 11.232725531453738 ], [ 122.995883009941664, 9.022188625520414 ], [ 122.5860889018671, 9.981044826696134 ] ] ], [ [ [ 126.2227144715431, 9.286074327018866 ], [ 126.537423944200611, 7.189380601424545 ], [ 126.196772902532587, 6.274294338400054 ], [ 125.831420526229067, 7.293715318221842 ], [ 125.363852166852212, 6.786485297060949 ], [ 125.396511672060626, 5.581003322772276 ], [ 124.219787632342388, 6.161355495626154 ], [ 124.243662144061275, 7.360610459823661 ], [ 123.610212437027485, 7.83352732994274 ], [ 121.91992801319256, 7.192119452336015 ], [ 123.487687616063468, 8.69300975182118 ], [ 123.841154412939829, 8.240324204944372 ], [ 125.471390822451554, 8.986996975129657 ], [ 125.412117954612768, 9.760334784377534 ], [ 126.2227144715431, 9.286074327018866 ] ] ], [ [ [ 119.689676548339889, 10.554291490109875 ], [ 117.174274530100661, 8.367499904814679 ], [ 119.511496209797514, 11.3696680770272 ], [ 119.689676548339889, 10.554291490109875 ] ] ], [ [ [ 122.336956821787993, 18.224882717354106 ], [ 122.515653924653293, 17.093504746971973 ], [ 121.662786086108213, 15.931017564350142 ], [ 121.728828566577207, 14.328376369682275 ], [ 123.950295037940293, 13.782130642141027 ], [ 124.077419061378293, 12.536676947474575 ], [ 122.928651971529945, 13.552919826710422 ], [ 122.671355015148706, 13.185836289925092 ], [ 122.034649692880521, 13.784481919810304 ], [ 120.62863732308324, 13.857655747935596 ], [ 120.991819289230534, 14.52539276779504 ], [ 120.56414513558299, 14.396279201713796 ], [ 119.920928582846045, 15.406346747290739 ], [ 120.715867140791914, 18.505227362537525 ], [ 122.336956821787993, 18.224882717354106 ] ] ], [ [ [ 122.002610304859573, 10.441016750526089 ], [ 121.883547804859091, 11.891755072471994 ], [ 123.120216506035945, 11.583660183147856 ], [ 122.002610304859573, 10.441016750526089 ] ] ], [ [ [ 125.502551711123544, 12.162694606978292 ], [ 125.783464797062209, 11.046121934447783 ], [ 125.01188398651226, 11.311454576050409 ], [ 125.277449172060187, 10.358722032101284 ], [ 124.801819289245771, 10.134678859899864 ], [ 124.302521600441708, 11.495370998577187 ], [ 124.877990350444009, 11.794189968304947 ], [ 124.266761509295691, 12.557760931849671 ], [ 125.502551711123544, 12.162694606978292 ] ] ] ] } },
{ "type": "Feature", "properties": { "pop_est": 31381992, "continent": "Asia", "name": "Malaysia", "iso_a3": "MYS", "gdp_md_est": 863000.0 }, "geometry": { "type": "MultiPolygon", "coordinates": [ [ [ [ 100.085756870527106, 6.464489447450291 ], [ 101.075515578213356, 6.204867051615921 ], [ 101.154218784593866, 5.691384182147715 ], [ 102.141186964936381, 6.221636053894628 ], [ 102.96170535686673, 5.524495144061106 ], [ 104.228811476663481, 1.293048000489492 ], [ 103.519707472754391, 1.226333726400682 ], [ 101.390638462329193, 2.760813706875581 ], [ 100.085756870527106, 6.464489447450291 ] ] ], [ [ [ 117.882034946770176, 4.137551377779516 ], [ 115.865517205876699, 4.3065591495901 ], [ 114.62135542201753, 1.430688177898901 ], [ 110.514060907027158, 0.773131415200965 ], [ 109.830226678508808, 1.338135687664163 ], [ 109.663260125773746, 2.006466986494956 ], [ 111.168852980597478, 1.850636704918813 ], [ 111.370081007942048, 2.697303371588859 ], [ 112.995614862115218, 3.102394924324855 ], [ 114.204016554828371, 4.525873928236805 ], [ 114.659595981913526, 4.007636826997754 ], [ 115.347460972150657, 4.316636053887009 ], [ 115.450710483869813, 5.447729803891534 ], [ 116.72510298061971, 6.924771429873999 ], [ 119.181903924639968, 5.407835598162207 ], [ 117.882034946770176, 4.137551377779516 ] ] ] ] } },
{ "type": "Feature", "properties": { "pop_est": 443593, "continent": "Asia", "name": "Brunei", "iso_a3": "BRN", "gdp_md_est": 33730.0 }, "geometry": { "type": "Polygon", "coordinates": [ [ [ 115.450710483869813, 5.447729803891534 ], [ 115.347460972150657, 4.316636053887009 ], [ 114.659595981913526, 4.007636826997754 ], [ 114.204016554828371, 4.525873928236805 ], [ 115.450710483869813, 5.447729803891534 ] ] ] } },
{ "type": "Feature", "properties": { "pop_est": 1972126, "continent": "Europe", "name": "Slovenia", "iso_a3": "SVN", "gdp_md_est": 68350.0 }, "geometry": { "type": "Polygon", "coordinates": [ [ [ 13.806475457421527, 46.509306138691215 ], [ 16.202298211337364, 46.852385972676963 ], [ 16.564808383864857, 46.50375092221983 ], [ 15.327674594797429, 45.452316392593332 ], [ 13.715059848697223, 45.500323798192376 ], [ 13.806475457421527, 46.509306138691215 ] ] ] } },
{ "type": "Feature", "properties": { "pop_est": 5491218, "continent": "Europe", "name": "Finland", "iso_a3": "FIN", "gdp_md_est": 224137.0 }, "geometry": { "type": "Polygon", "coordinates": [ [ [ 29.015572950971972, 69.766491197377988 ], [ 28.445943637818658, 68.364612942164044 ], [ 29.97742638522061, 67.698297024192755 ], [ 29.054588657352326, 66.944286200622059 ], [ 30.21765, 65.80598 ], [ 29.544429559046989, 64.948671576590485 ], [ 30.444684686003711, 64.20445343693909 ], [ 30.035872430142717, 63.552813625738551 ], [ 31.516092156711125, 62.867687486412891 ], [ 31.139991082490894, 62.357692776124409 ], [ 28.069997592895277, 60.503516547275837 ], [ 22.869694858499457, 59.846373196036225 ], [ 21.322244093519316, 60.720169989659524 ], [ 21.544866163832694, 61.705329494871791 ], [ 21.059211053153689, 62.60739329695874 ], [ 21.536029493910803, 63.18973501245587 ], [ 25.398067661243942, 65.111426500093742 ], [ 23.565879754335583, 66.396050930437426 ], [ 23.539473097434438, 67.93600861273525 ], [ 20.645592889089528, 69.106247260200874 ], [ 24.735679152126725, 68.64955678982146 ], [ 26.179622023226244, 69.825298977326142 ], [ 27.732292107867863, 70.164193020296253 ], [ 29.015572950971972, 69.766491197377988 ] ] ] } },
{ "type": "Feature", "properties": { "pop_est": 5445829, "continent": "Europe", "name": "Slovakia", "iso_a3": "SVK", "gdp_md_est": 168800.0 }, "geometry": { "type": "Polygon", "coordinates": [ [ [ 22.558137648211755, 49.085738023467144 ], [ 21.872236362401736, 48.319970811550021 ], [ 20.801293979584926, 48.623854071642384 ], [ 17.857132602620027, 47.758428860050373 ], [ 16.879982944413001, 48.47001333270947 ], [ 18.554971144289482, 49.495015367218784 ], [ 22.558137648211755, 49.085738023467144 ] ] ] } },
{ "type": "Feature", "properties": { "pop_est": 10674723, "continent": "Europe", "name": "Czechia", "iso_a3": "CZE", "gdp_md_est": 350900.0 }, "geometry": { "type": "Polygon", "coordinates": [ [ [ 15.016995883858669, 51.10667409932158 ], [ 16.719475945714436, 50.215746568393541 ], [ 17.554567091551121, 50.362145901076417 ], [ 18.853144158613617, 49.496229763377642 ], [ 16.960288120194576, 48.5969823268506 ], [ 15.253415561593982, 49.039074205107582 ], [ 14.338897739324722, 48.555305284207208 ], [ 12.521024204161193, 49.547415269562734 ], [ 12.240111118222558, 50.266337795607285 ], [ 15.016995883858669, 51.10667409932158 ] ] ] } },
{ "type": "Feature", "properties": { "pop_est": 5918919, "continent": "Africa", "name": "Eritrea", "iso_a3": "ERI", "gdp_md_est": 9169.0 }, "geometry": { "type": "Polygon", "coordinates": [ [ [ 36.42951, 14.42211 ], [ 36.852530000000115, 16.95655 ], [ 38.410089959473225, 17.998307399970315 ], [ 39.26611006038803, 15.922723496967251 ], [ 43.081226027200159, 12.699638576707116 ], [ 42.35156000000012, 12.542230000000131 ], [ 40.026250000000118, 14.51959 ], [ 37.906070000000113, 14.959430000000168 ], [ 37.59377, 14.2131 ], [ 36.42951, 14.42211 ] ] ] } },
{ "type": "Feature", "properties": { "pop_est": 126451398, "continent": "Asia", "name": "Japan", "iso_a3": "JPN", "gdp_md_est": 4932000.0 }, "geometry": { "type": "MultiPolygon", "coordinates": [ [ [ [ 141.884600864834965, 39.180864569651476 ], [ 140.959489373945814, 38.174000962876619 ], [ 140.2532792502451, 35.138113918593646 ], [ 137.217598911691255, 34.606285915661829 ], [ 135.792983026268928, 33.464805202766627 ], [ 135.120982700745401, 33.849071153289003 ], [ 135.07943484918269, 34.596544908174806 ], [ 130.986144647343451, 33.885761420216241 ], [ 132.000036248909964, 33.149992377244544 ], [ 131.33279015515734, 31.450354519164822 ], [ 130.686317987185987, 31.029579169228246 ], [ 130.202419875204896, 31.418237616495432 ], [ 130.447676222862128, 32.319474595665696 ], [ 129.408463169472554, 33.296055813117519 ], [ 132.617672967662429, 35.433393052709405 ], [ 135.677537876528845, 35.527134100886869 ], [ 136.723830601142424, 37.304984239240326 ], [ 137.390611607004473, 36.82739065199884 ], [ 139.426404657142825, 38.215962225897613 ], [ 140.305782505453635, 41.195005194659529 ], [ 141.36897342342661, 41.378559882160275 ], [ 141.884600864834965, 39.180864569651476 ] ] ], [ [ [ 144.613426548439634, 43.960882880217483 ], [ 145.320825230083074, 44.384732977875409 ], [ 145.543137241802697, 43.262088324550618 ], [ 144.059661899999867, 42.988358262700558 ], [ 143.183849725517234, 41.995214748699198 ], [ 141.6114909201724, 42.6787905950561 ], [ 141.067286411706675, 41.584593817707969 ], [ 139.955106235920994, 41.56955597591103 ], [ 139.81754357315998, 42.563758856774385 ], [ 140.312087030193254, 43.333272610032687 ], [ 141.380548944259999, 43.388824774746439 ], [ 141.967644891527982, 45.551483466161343 ], [ 144.613426548439634, 43.960882880217483 ] ] ], [ [ [ 132.371176385630235, 33.463642483040061 ], [ 133.904106073136347, 34.364931138642632 ], [ 134.766379022358535, 33.806334743783623 ], [ 134.203415968970887, 33.201177883429636 ], [ 133.280268182508848, 33.289570420864891 ], [ 133.014858026257798, 32.704567369104737 ], [ 132.371176385630235, 33.463642483040061 ] ] ] ] } },
{ "type": "Feature", "properties": { "pop_est": 6943739, "continent": "South America", "name": "Paraguay", "iso_a3": "PRY", "gdp_md_est": 64670.0 }, "geometry": { "type": "Polygon", "coordinates": [ [ [ -58.166392381408045, -20.176700941653678 ], [ -57.937155727761294, -22.090175876557172 ], [ -55.797958136606908, -22.356929620047822 ], [ -55.400747239795422, -23.956935316668805 ], [ -54.292959560754518, -24.021014092710729 ], [ -54.788794928595053, -26.621785577096134 ], [ -55.695845506398157, -27.387837009390864 ], [ -58.618173590719749, -27.123718763947096 ], [ -57.777217169817938, -25.16233977630904 ], [ -60.846564704009914, -23.880712579038292 ], [ -62.685057135657885, -22.249029229422387 ], [ -61.786326463453769, -19.633736667562964 ], [ -59.115042487206111, -19.356906019775401 ], [ -58.166392381408045, -20.176700941653678 ] ] ] } },
{ "type": "Feature", "properties": { "pop_est": 28036829, "continent": "Asia", "name": "Yemen", "iso_a3": "YEM", "gdp_md_est": 73450.0 }, "geometry": { "type": "Polygon", "coordinates": [ [ [ 52.000009800022241, 19.000003363516058 ], [ 53.108572625547509, 16.651051133688952 ], [ 52.385205926325881, 16.382411200419654 ], [ 52.1681649107, 15.597420355689948 ], [ 44.989533318874415, 12.69958690027471 ], [ 43.482958611837127, 12.636800035040084 ], [ 42.60487267433362, 15.213335272680595 ], [ 43.380794305196105, 17.579986680567671 ], [ 47.000004917189756, 16.949999294497445 ], [ 49.116671583864871, 18.616667588774945 ], [ 52.000009800022241, 19.000003363516058 ] ] ] } },
{ "type": "Feature", "properties": { "pop_est": 28571770, "continent": "Asia", "name": "Saudi Arabia", "iso_a3": "SAU", "gdp_md_est": 1731000.0 }, "geometry": { "type": "Polygon", "coordinates": [ [ [ 34.956037225084259, 29.356554673778845 ], [ 36.068940870922063, 29.197494615184453 ], [ 37.503581984209035, 30.003776150018407 ], [ 37.998848911294374, 30.508499864213135 ], [ 37.002165561681011, 31.508412990844747 ], [ 39.195468377444968, 32.161008816042667 ], [ 41.889980910007836, 31.190008653278369 ], [ 44.709498732284743, 29.178891099559383 ], [ 47.459821811722833, 29.002519436147224 ], [ 50.152422316290881, 26.689663194275997 ], [ 50.239858839728754, 25.608049628190926 ], [ 51.38960778179063, 24.627385972588058 ], [ 52.000733270074335, 23.00115448657894 ], [ 55.208341098863194, 22.708329982997046 ], [ 55.666659376859826, 22.000001125572339 ], [ 54.999981723862362, 19.999994004796108 ], [ 49.116671583864871, 18.616667588774945 ], [ 47.000004917189756, 16.949999294497445 ], [ 43.380794305196105, 17.579986680567671 ], [ 42.77933230975097, 16.347891343648683 ], [ 40.93934126156654, 19.486485297111756 ], [ 39.139399448408284, 21.291904812092934 ], [ 38.492772251140082, 23.688451036060854 ], [ 37.483634881344386, 24.285494696545015 ], [ 35.130186801907882, 28.063351955674719 ], [ 34.632336053207979, 28.058546047471566 ], [ 34.956037225084259, 29.356554673778845 ] ] ] } },
{ "type": "Feature", "properties": { "pop_est": 4050, "continent": "Antarctica", "name": "Antarctica", "iso_a3": "ATA", "gdp_md_est": 810.0 }, "geometry": { "type": "MultiPolygon", "coordinates": [ [ [ [ -48.660616014182523, -78.047018731598726 ], [ -46.662856818210983, -77.831475525065059 ], [ -43.920827806155742, -78.478102722333276 ], [ -43.333266770997142, -80.026122735512899 ], [ -50.482106899606457, -81.025441583173134 ], [ -54.16425940613162, -80.633527520671578 ], [ -50.991326463410587, -79.614623305172699 ], [ -48.660616014182523, -78.047018731598726 ] ] ], [ [ [ -66.29003089055513, -80.255772800617976 ], [ -61.883245612217181, -80.392870375488314 ], [ -60.610119188058441, -79.628679294756097 ], [ -59.572094692611586, -80.040178725096283 ], [ -60.159655727770193, -81.000326837079285 ], [ -64.48812537296979, -80.92193368929253 ], [ -66.29003089055513, -80.255772800617976 ] ] ], [ [ [ -75.012625088181167, -71.661257832983097 ], [ -72.07471655952358, -71.190950622694757 ], [ -71.741791144483187, -69.505782165656754 ], [ -70.253251512315771, -68.878740336227168 ], [ -68.333833787698723, -71.406493021784158 ], [ -68.784297247986984, -72.170735778948668 ], [ -71.07588863797011, -72.503842061502084 ], [ -74.953894822881452, -72.072757263323282 ], [ -75.012625088181167, -71.661257832983097 ] ] ], [ [ [ -102.330725063876386, -71.894164320766819 ], [ -96.787936774466189, -71.952971293270721 ], [ -96.200349901091442, -72.521205342752154 ], [ -100.783455166409254, -72.501619974913538 ], [ -102.330725063876386, -71.894164320766819 ] ] ], [ [ [ -122.621734585441928, -73.65777760202387 ], [ -122.406244670229071, -73.32461883559391 ], [ -118.724143032691956, -73.481353454735171 ], [ -120.232217163709976, -74.088809916326142 ], [ -122.621734585441928, -73.65777760202387 ] ] ], [ [ [ -127.283129645681925, -73.461768894340793 ], [ -126.558471843097252, -73.24622568780714 ], [ -124.031881877266827, -73.873267517236727 ], [ -125.912180542638936, -73.736118265934095 ], [ -127.283129645681925, -73.461768894340793 ] ] ], [ [ [ -163.71289567772871, -78.595667413241543 ], [ -161.245113491846439, -78.380175883140183 ], [ -159.208183560197654, -79.497059421708684 ], [ -161.127601284814716, -79.634208673011329 ], [ -163.71289567772871, -78.595667413241543 ] ] ], [ [ [ 180.0, -84.71338 ], [ 180.0, -90.0 ], [ -180.0, -90.0 ], [ -180.0, -84.71338 ], [ -179.058677334691168, -84.139411716649136 ], [ -174.382502814815666, -84.534323012223524 ], [ -169.951222907571406, -83.884646905450154 ], [ -158.071379564424916, -85.373910007669679 ], [ -148.533072883071554, -85.609037774597709 ], [ -143.107718478600475, -85.040752048683942 ], [ -142.892279432375574, -84.570496514827937 ], [ -153.586201138300169, -83.688689874199383 ], [ -152.861516690055026, -82.042692152838583 ], [ -156.837449714159533, -81.102129408694282 ], [ -150.648292609642596, -81.337308852054548 ], [ -146.417748996191818, -80.337938327962036 ], [ -149.531900804625081, -79.358204848140417 ], [ -155.329376390585736, -79.064269301264233 ], [ -158.051768358370083, -78.025675557617944 ], [ -158.365134243787992, -76.889207458654994 ], [ -151.333780483994275, -77.398737081052843 ], [ -146.104408948990056, -76.477759704747086 ], [ -146.202309949966974, -75.380410665029217 ], [ -135.21458269569132, -74.302698669582185 ], [ -121.073612834286223, -74.518241068671614 ], [ -113.944331427855104, -73.714827575829872 ], [ -112.29908301476263, -74.714198099922385 ], [ -111.261058519315668, -74.4202625530462 ], [ -107.559346483168156, -75.184453633778446 ], [ -100.64553076862228, -75.302017517242462 ], [ -100.116699998763295, -74.870932719063489 ], [ -102.545337287184566, -74.106741638331414 ], [ -103.681288621824422, -72.617530212544182 ], [ -96.33659481482897, -73.616849060204402 ], [ -90.088733283228464, -73.32291351332816 ], [ -89.226951260112969, -72.558722432595914 ], [ -81.470913052074195, -73.851976827132432 ], [ -80.295790981757023, -73.126956482077389 ], [ -74.890048590784829, -73.871613871403383 ], [ -67.369060635025562, -72.480329284809272 ], [ -67.251548427993725, -71.637745056290271 ], [ -68.544208543558966, -69.717397155892002 ], [ -67.427842576757541, -68.14984425875025 ], [ -67.741182623959389, -67.326845398069906 ], [ -63.628152024984558, -64.897072843026706 ], [ -57.811142747617566, -63.270660489504621 ], [ -57.223581712458895, -63.52542530070366 ], [ -62.022100185785462, -64.799094327401406 ], [ -62.648857794837397, -65.484942321890685 ], [ -62.120078701410762, -66.190325622674663 ], [ -63.745690070232399, -66.503846537389563 ], [ -65.665081956633344, -67.953887227499479 ], [ -63.197299770751101, -69.227556254197282 ], [ -61.806661139560617, -70.716767679984514 ], [ -60.827366909413456, -73.695242207991214 ], [ -64.352836473229615, -75.262846781565202 ], [ -70.600723843046296, -76.634494323888418 ], [ -77.240370246067641, -76.712887471675174 ], [ -73.656118740519503, -77.908111674153929 ], [ -77.925858120419321, -78.378418884442226 ], [ -78.023784959612499, -79.181833184728248 ], [ -75.360097418911721, -80.259545180175223 ], [ -59.691415574773487, -82.375850111824377 ], [ -58.222487148660889, -83.218434340343379 ], [ -49.761349860215489, -81.729171238123797 ], [ -42.80836340999241, -82.081914564948136 ], [ -40.771433478343624, -81.356894219893206 ], [ -28.549802212018733, -80.337938327962036 ], [ -29.685805223090995, -79.260226332515003 ], [ -35.639912075328311, -79.456131687333482 ], [ -35.777009650198693, -78.339248148765023 ], [ -28.882779303491418, -76.673665059565678 ], [ -17.5229817367142, -75.125697530262528 ], [ -15.701490851290259, -74.498604024400663 ], [ -15.407710333710895, -74.106741638331414 ], [ -16.465320196996402, -73.871613871403383 ], [ -15.44685523117198, -73.146541849916105 ], [ -12.293507656289592, -72.401936137022517 ], [ -10.295774298534184, -71.265416361627331 ], [ -7.416621873392444, -71.696501159806076 ], [ -6.868231573911146, -70.932310079073943 ], [ -4.341667446296924, -71.461373392878102 ], [ -0.65948910155555, -71.226245625950071 ], [ -0.228636847322093, -71.637745056290271 ], [ 7.742866245157813, -69.893768819304057 ], [ 9.525134718472202, -70.011332702768186 ], [ 10.817820672253333, -70.834331563448529 ], [ 13.422777947654367, -69.972161967090926 ], [ 15.126756626046586, -70.403246765269728 ], [ 19.259372592860018, -69.893768819304057 ], [ 22.56940311045139, -70.697182312145856 ], [ 27.093726434037251, -70.462054545217825 ], [ 31.990171746556825, -69.658641052376026 ], [ 33.870418735496571, -68.502587585574588 ], [ 38.649403517416886, -69.776204935840155 ], [ 54.533550245996025, -65.818048604443959 ], [ 56.355041131419853, -65.974783223585348 ], [ 58.744507684163864, -67.287674662392646 ], [ 61.427806430919361, -67.953887227499479 ], [ 64.052349074158997, -67.405238545856719 ], [ 68.89003828316288, -67.934301859660764 ], [ 69.673452996707454, -69.227556254197282 ], [ 67.812739699174131, -70.305268249644314 ], [ 69.066306593710237, -70.677545267874962 ], [ 67.949888950476634, -71.853287455379643 ], [ 69.869306675093867, -72.264786885719843 ], [ 71.02489505400456, -72.088415222307731 ], [ 73.86487674346921, -69.874183451465512 ], [ 77.644904412755182, -69.462684021125256 ], [ 79.113858677083897, -68.326215922162476 ], [ 82.776425815770438, -67.209281514605891 ], [ 86.752358839874773, -67.15047373465768 ], [ 87.986288690140213, -66.209910990513379 ], [ 89.670630324261595, -67.15047373465768 ], [ 95.781471795640186, -67.385653178018003 ], [ 99.718182407635027, -67.248503926715443 ], [ 102.832410923272619, -65.563283793245148 ], [ 106.181560500108731, -66.934931335568365 ], [ 113.604673293107339, -65.876804707959934 ], [ 115.602380812646516, -66.699803568640334 ], [ 119.832923618653012, -67.268089294553988 ], [ 123.221295607598904, -66.484261169550905 ], [ 128.803280470902337, -66.758611348588488 ], [ 134.757387323139824, -66.209962666945671 ], [ 135.07075320855779, -65.308570658478459 ], [ 137.460271437733923, -66.954568379839259 ], [ 145.490427280864992, -66.915345967729706 ], [ 146.646067336208148, -67.895131123983674 ], [ 148.839628534133681, -68.385023702110573 ], [ 152.502247349252457, -68.874812927372943 ], [ 154.284567498999195, -68.561292012658214 ], [ 161.570479364262724, -70.57961842868184 ], [ 167.30909549384296, -70.834331563448529 ], [ 171.206790399457532, -71.696501159806076 ], [ 169.287320998408291, -73.656019795881662 ], [ 166.094802687848414, -74.381040140936648 ], [ 163.568238560234249, -76.242580261386763 ], [ 163.489897088879729, -77.06557912206722 ], [ 164.743463983416063, -78.182513529623748 ], [ 166.995781284857344, -78.750747579105223 ], [ 161.766384719081088, -79.162247816889646 ], [ 159.788210890948335, -80.945394789553006 ], [ 169.40478152900755, -83.825890801934349 ], [ 180.0, -84.71338 ] ] ] ] } },
{ "type": "Feature", "properties": { "pop_est": 265100, "continent": "Asia", "name": "N. Cyprus", "iso_a3": "-99", "gdp_md_est": 3600.0 }, "geometry": { "type": "Polygon", "coordinates": [ [ [ 33.973616570783463, 35.058506374648005 ], [ 32.946960890440806, 35.386703396133697 ], [ 34.576473829900465, 35.671595567358793 ], [ 33.973616570783463, 35.058506374648005 ] ] ] } },
{ "type": "Feature", "properties": { "pop_est": 1221549, "continent": "Asia", "name": "Cyprus", "iso_a3": "CYP", "gdp_md_est": 29260.0 }, "geometry": { "type": "Polygon", "coordinates": [ [ [ 32.25666710788596, 35.103232326796629 ], [ 33.383833449036302, 35.16271190036457 ], [ 34.004880812320039, 34.978097846001859 ], [ 32.979827101378447, 34.571869411755443 ], [ 32.25666710788596, 35.103232326796629 ] ] ] } },
{ "type": "Feature", "properties": { "pop_est": 33986655, "continent": "Africa", "name": "Morocco", "iso_a3": "MAR", "gdp_md_est": 282800.0 }, "geometry": { "type": "Polygon", "coordinates": [ [ [ -2.169913702798624, 35.16839630791668 ], [ -1.30789913573787, 32.262888902306102 ], [ -3.647497931320146, 31.637294012980675 ], [ -3.690441046554724, 30.896951605751156 ], [ -5.242129278982787, 30.000443020135592 ], [ -8.674116176782974, 28.841288967396579 ], [ -8.794883999049077, 27.120696316022507 ], [ -11.392554897497007, 26.883423977154393 ], [ -12.50096269372537, 24.7701162785782 ], [ -13.891110398809047, 23.691009019459305 ], [ -14.750954555713534, 21.500600083903663 ], [ -17.020428432675772, 21.422310288981578 ], [ -14.439939947964831, 26.254418443297652 ], [ -9.564811163765683, 29.933573716749891 ], [ -9.814718390329176, 31.17773550060906 ], [ -8.657476365585012, 33.240245266242425 ], [ -6.912544114601417, 34.110476386037476 ], [ -5.92999426921989, 35.75998810479399 ], [ -2.169913702798624, 35.16839630791668 ] ] ] } },
{ "type": "Feature", "properties": { "pop_est": 97041072, "continent": "Africa", "name": "Egypt", "iso_a3": "EGY", "gdp_md_est": 1105000.0 }, "geometry": { "type": "Polygon", "coordinates": [ [ [ 36.86623, 22.0 ], [ 25.0, 22.0 ], [ 24.70007, 30.04419 ], [ 25.16482, 31.56915 ], [ 28.91353, 30.87005 ], [ 30.97693, 31.55586 ], [ 31.96041, 30.9336 ], [ 34.26544, 31.21936 ], [ 34.9226, 29.50133 ], [ 34.15451, 27.8233 ], [ 32.32046, 29.76043 ], [ 35.69241, 23.92671 ], [ 35.52598, 23.10244 ], [ 36.86623, 22.0 ] ] ] } },
{ "type": "Feature", "properties": { "pop_est": 6653210, "continent": "Africa", "name": "Libya", "iso_a3": "LBY", "gdp_md_est": 90890.0 }, "geometry": { "type": "Polygon", "coordinates": [ [ [ 24.92114, 31.89936 ], [ 25.000000000000114, 20.00304 ], [ 23.850000000000136, 20.0 ], [ 23.837660000000142, 19.580470000000105 ], [ 15.86085, 23.40972 ], [ 14.143870883855243, 22.491288967371133 ], [ 10.771363559622927, 24.562532050061751 ], [ 10.303846876678362, 24.379313259370917 ], [ 9.319410841518163, 26.094324856057455 ], [ 9.950225050505082, 31.376069647745258 ], [ 11.432253452203696, 32.368903103152874 ], [ 11.488787469131012, 33.136995754523241 ], [ 15.24563, 32.26508 ], [ 15.71394, 31.37626 ], [ 19.08641, 30.26639 ], [ 20.05335, 30.98576 ], [ 19.82033, 31.751790000000142 ], [ 20.85452, 32.7068 ], [ 24.92114, 31.89936 ] ] ] } },
{ "type": "Feature", "properties": { "pop_est": 105350020, "continent": "Africa", "name": "Ethiopia", "iso_a3": "ETH", "gdp_md_est": 174700.0 }, "geometry": { "type": "Polygon", "coordinates": [ [ [ 47.78942, 8.003 ], [ 44.9636, 5.00162 ], [ 43.66087, 4.95755 ], [ 41.855083092643973, 3.918911920483727 ], [ 40.76848, 4.25702 ], [ 39.559384258765853, 3.42206 ], [ 36.159078632855646, 4.447864127672769 ], [ 34.70702, 6.594220000000121 ], [ 32.95418, 7.784970000000101 ], [ 33.825500000000147, 8.37916 ], [ 34.25745, 10.63009 ], [ 35.86363, 12.57828 ], [ 36.42951, 14.42211 ], [ 37.59377, 14.2131 ], [ 37.906070000000113, 14.959430000000168 ], [ 40.026250000000118, 14.51959 ], [ 41.59856, 13.452090000000112 ], [ 42.35156000000012, 12.542230000000131 ], [ 41.755570000000205, 11.050910000000101 ], [ 42.776851841000962, 10.92687856693442 ], [ 42.55876, 10.57258000000013 ], [ 43.67875, 9.18358000000012 ], [ 47.78942, 8.003 ] ] ] } },
{ "type": "Feature", "properties": { "pop_est": 865267, "continent": "Africa", "name": "Djibouti", "iso_a3": "DJI", "gdp_md_est": 3345.0 }, "geometry": { "type": "Polygon", "coordinates": [ [ [ 42.35156000000012, 12.542230000000131 ], [ 43.317852410664671, 12.390148423711025 ], [ 42.776851841000962, 10.92687856693442 ], [ 41.755570000000205, 11.050910000000101 ], [ 42.35156000000012, 12.542230000000131 ] ] ] } },
{ "type": "Feature", "properties": { "pop_est": 3500000, "continent": "Africa", "name": "Somaliland", "iso_a3": "-99", "gdp_md_est": 12250.0 }, "geometry": { "type": "Polygon", "coordinates": [ [ [ 48.948204758509853, 11.41061728169797 ], [ 48.938129510296449, 9.451748968946617 ], [ 47.78942, 8.003 ], [ 43.67875, 9.18358000000012 ], [ 42.55876, 10.57258000000013 ], [ 43.145304803242141, 11.462039699748857 ], [ 44.11780358254282, 10.445538438351605 ], [ 48.948204758509853, 11.41061728169797 ] ] ] } },
{ "type": "Feature", "properties": { "pop_est": 39570125, "continent": "Africa", "name": "Uganda", "iso_a3": "UGA", "gdp_md_est": 84930.0 }, "geometry": { "type": "Polygon", "coordinates": [ [ [ 33.903711197104528, -0.95 ], [ 29.579466180140884, -1.341313164885626 ], [ 29.875778842902434, 0.597379868976361 ], [ 31.174149204235817, 2.204465236821264 ], [ 30.773346795380039, 2.339883327642127 ], [ 31.24556, 3.7819 ], [ 33.3900000000001, 3.79 ], [ 34.005, 4.249884947362048 ], [ 34.47913, 3.5556 ], [ 35.03599, 1.90584 ], [ 33.893568969666944, 0.109813537861896 ], [ 33.903711197104528, -0.95 ] ] ] } },
{ "type": "Feature", "properties": { "pop_est": 11901484, "continent": "Africa", "name": "Rwanda", "iso_a3": "RWA", "gdp_md_est": 21970.0 }, "geometry": { "type": "Polygon", "coordinates": [ [ [ 30.419104852019245, -1.134659112150416 ], [ 30.758308953583111, -2.287250257988369 ], [ 29.024926385216787, -2.839257907730158 ], [ 29.291886834436614, -1.620055840667987 ], [ 30.419104852019245, -1.134659112150416 ] ] ] } },
{ "type": "Feature", "properties": { "pop_est": 3856181, "continent": "Europe", "name": "Bosnia and Herz.", "iso_a3": "BIH", "gdp_md_est": 42530.0 }, "geometry": { "type": "Polygon", "coordinates": [ [ [ 18.56, 42.65 ], [ 16.456442905348865, 44.041239732431279 ], [ 15.750026075918981, 44.818711656262565 ], [ 15.959367303133376, 45.233776760430942 ], [ 19.36803, 44.863 ], [ 19.454, 43.568100000000129 ], [ 18.56, 42.65 ] ] ] } },
{ "type": "Feature", "properties": { "pop_est": 2103721, "continent": "Europe", "name": "Macedonia", "iso_a3": "MKD", "gdp_md_est": 29520.0 }, "geometry": { "type": "Polygon", "coordinates": [ [ [ 22.380525750424592, 42.320259507815088 ], [ 22.952377150166452, 41.337993882811148 ], [ 20.605181919037364, 41.086226304685226 ], [ 20.76216, 42.05186 ], [ 22.380525750424592, 42.320259507815088 ] ] ] } },
{ "type": "Feature", "properties": { "pop_est": 7111024, "continent": "Europe", "name": "Serbia", "iso_a3": "SRB", "gdp_md_est": 101800.0 }, "geometry": { "type": "Polygon", "coordinates": [ [ [ 18.829824792873946, 45.908872358025285 ], [ 20.220192498462836, 46.127468980486555 ], [ 21.562022739353608, 44.7689472519655 ], [ 22.705725538837356, 44.578002834647023 ], [ 22.410446404721597, 44.008063462899955 ], [ 22.986018507588483, 43.211161200527101 ], [ 22.545011834409621, 42.46136200618804 ], [ 21.576635989402121, 42.245224397061861 ], [ 21.77505, 42.6827 ], [ 20.81448, 43.27205 ], [ 20.25758, 42.812750000000108 ], [ 19.21852, 43.52384 ], [ 19.59976, 44.03847 ], [ 18.829824792873946, 45.908872358025285 ] ] ] } },
{ "type": "Feature", "properties": { "pop_est": 642550, "continent": "Europe", "name": "Montenegro", "iso_a3": "MNE", "gdp_md_est": 10610.0 }, "geometry": { "type": "Polygon", "coordinates": [ [ [ 20.3398, 42.89852 ], [ 19.371768163347252, 41.877550679783496 ], [ 18.450016883020862, 42.479992245312182 ], [ 19.21852, 43.52384 ], [ 20.3398, 42.89852 ] ] ] } },
{ "type": "Feature", "properties": { "pop_est": 1895250, "continent": "Europe", "name": "Kosovo", "iso_a3": "-99", "gdp_md_est": 18490.0 }, "geometry": { "type": "Polygon", "coordinates": [ [ [ 20.590246546680227, 41.855408919283626 ], [ 20.0707, 42.58863 ], [ 20.63508, 43.21671 ], [ 21.77505, 42.6827 ], [ 20.590246546680227, 41.855408919283626 ] ] ] } },
{ "type": "Feature", "properties": { "pop_est": 1218208, "continent": "North America", "name": "Trinidad and Tobago", "iso_a3": "TTO", "gdp_md_est": 43570.0 }, "geometry": { "type": "Polygon", "coordinates": [ [ [ -61.68, 10.76 ], [ -60.895, 10.855 ], [ -60.935, 10.11 ], [ -61.95, 10.09 ], [ -61.68, 10.76 ] ] ] } },
{ "type": "Feature", "properties": { "pop_est": 13026129, "continent": "Africa", "name": "S. Sudan", "iso_a3": "SSD", "gdp_md_est": 20880.0 }, "geometry": { "type": "Polygon", "coordinates": [ [ [ 30.833852421715427, 3.509171604222463 ], [ 29.71599531425602, 4.600804755060153 ], [ 27.979977247842811, 4.408413397637375 ], [ 23.886979580860668, 8.619729712933065 ], [ 24.53741516360202, 8.91753756573172 ], [ 25.069603699343986, 10.273759963267992 ], [ 25.790633328413946, 10.411098940233728 ], [ 26.752006167173818, 9.466893473594496 ], [ 28.966597170745786, 9.398223985111656 ], [ 29.996639497988554, 10.290927335388687 ], [ 31.352861895524882, 9.810240916008695 ], [ 32.400071594888345, 11.080626452941488 ], [ 32.073891524594785, 11.973329803218519 ], [ 33.206938084561784, 12.179338268667095 ], [ 33.97498, 8.68456 ], [ 32.95418, 7.784970000000101 ], [ 34.0751, 7.22595 ], [ 35.298007118232981, 5.506 ], [ 33.3900000000001, 3.79 ], [ 30.833852421715427, 3.509171604222463 ] ] ] } }
]
}
